-- Startup Admin User
-- this account can not be deleted, memberId is will stay as '999999999999999999999999999999' 30 - 9's 
-- used to pull al admin accounts in admin section 
INSERT INTO MYALUMNI_MEMBERS_TBL (USER_NAME,MEMBER_ID,MEMBER_STATUS,MEMBER_PASSWORD,EMAIL,FIRST_IP_ADDRESS,LAST_IP_ADDRESS,CREATION_DATE,LAST_LOGON_DATE,TITLE,NICK_NAME,FIRST_NAME,LAST_NAME,GENDER,FIRST_EMAIL,COUNTRY,YEAR_IN,YEAR_OUT,IS_ADMIN,HIDE_EMAIL,HIDE_ADDRESS,HIDE_PHONE,HIDE_IM,PROMPT_CHANGE,LASTMODIFICATION,LASTMODIFIED_BY,LASTMODIFIED_DATE ) VALUES ('sysadmin', '999999999999999999999999999999','A','X03MO1qnZdYdgyfeuILPmQ==','myalumni@naijatek.com','127.0.0.1','127.0.0.1',CURRENT_TIMESTAMP,CURRENT_TIMESTAMP,'1000000004999','NickName','FirstName','LastName','U','myalumni@naijatek.com','1000000003999','2007','2007','Y','Y','Y','Y','Y','Y','A','SYSTEM',CURRENT_TIMESTAMP);


-- Startup Guest User
-- this account can not be deleted, memberId is will stay as '888888888888888888888888888888' 30 - 8's 
-- used to pull all pm purposes, the account is deactivated 
INSERT INTO MYALUMNI_MEMBERS_TBL (USER_NAME,MEMBER_ID,MEMBER_STATUS,MEMBER_PASSWORD,EMAIL,FIRST_IP_ADDRESS,LAST_IP_ADDRESS,CREATION_DATE,LAST_LOGON_DATE,TITLE,NICK_NAME,FIRST_NAME,LAST_NAME,GENDER,FIRST_EMAIL,COUNTRY,YEAR_IN,YEAR_OUT,IS_ADMIN,HIDE_EMAIL,HIDE_ADDRESS,HIDE_PHONE,HIDE_IM,PROMPT_CHANGE,LASTMODIFICATION,LASTMODIFIED_BY,LASTMODIFIED_DATE ) VALUES ('guest', '888888888888888888888888888888','D','X03MO1qnZdYdgyfeuILPmQ==','myalumni@naijatek.com','127.0.0.1','127.0.0.1',CURRENT_TIMESTAMP,CURRENT_TIMESTAMP,'1000000004999','NickName','Guest','Guest','U','myalumni@naijatek.com','1000000003999','2007','2007','Y','Y','Y','Y','Y','Y','A','SYSTEM',CURRENT_TIMESTAMP);



--
-- SYSTEM GROUPS
--
INSERT INTO MYALUMNI_SYSTEM_GROUP_TBL (XLATGROUP_ID,DESCRIPTION,MINLEN,MAXLEN,UPDATEABLE) VALUES ('CAR', 'Defines the CAREERS', 4, 20,'Y');
INSERT INTO MYALUMNI_SYSTEM_GROUP_TBL (XLATGROUP_ID,DESCRIPTION,MINLEN,MAXLEN,UPDATEABLE) VALUES ('DEG', 'Defines the DEGREES', 4, 20,'Y');
INSERT INTO MYALUMNI_SYSTEM_GROUP_TBL (XLATGROUP_ID,DESCRIPTION,MINLEN,MAXLEN,UPDATEABLE) VALUES ('COU', 'Defines the COUNTRY', 4, 20,'Y');
INSERT INTO MYALUMNI_SYSTEM_GROUP_TBL (XLATGROUP_ID,DESCRIPTION,MINLEN,MAXLEN,UPDATEABLE) VALUES ('TIT', 'Defines the TITLES', 4, 20,'Y');
INSERT INTO MYALUMNI_SYSTEM_GROUP_TBL (XLATGROUP_ID,DESCRIPTION,MINLEN,MAXLEN,UPDATEABLE) VALUES ('DOM', 'Defines the DORMITORIES', 4, 20,'Y');
INSERT INTO MYALUMNI_SYSTEM_GROUP_TBL (XLATGROUP_ID,DESCRIPTION,MINLEN,MAXLEN,UPDATEABLE) VALUES ('IMS', 'Defines the INSTANT MESSENGERS', 4, 20,'Y');




--
-- CAREER LOOKUP
--
INSERT INTO MYALUMNI_SYSTEM_LOOKUP_TBL (LOOKUP_ID,THE_LABEL,LASTMODIFIED_BY,LASTMODIFIED_DATE,XLATGROUP_ID,THE_STATUS,LASTMODIFICATION) VALUES ('1000000001001', 'Administrative/Clerical', 'SYSTEM', CURRENT_TIMESTAMP, 'CAR','A','A');
INSERT INTO MYALUMNI_SYSTEM_LOOKUP_TBL (LOOKUP_ID,THE_LABEL,LASTMODIFIED_BY,LASTMODIFIED_DATE,XLATGROUP_ID,THE_STATUS,LASTMODIFICATION) VALUES ('1000000001002', 'Doctor', 'SYSTEM', CURRENT_TIMESTAMP, 'CAR','A','A');
INSERT INTO MYALUMNI_SYSTEM_LOOKUP_TBL (LOOKUP_ID,THE_LABEL,LASTMODIFIED_BY,LASTMODIFIED_DATE,XLATGROUP_ID,THE_STATUS,LASTMODIFICATION) VALUES ('1000000001003', 'Engineer', 'SYSTEM', CURRENT_TIMESTAMP, 'CAR','A','A');
INSERT INTO MYALUMNI_SYSTEM_LOOKUP_TBL (LOOKUP_ID,THE_LABEL,LASTMODIFIED_BY,LASTMODIFIED_DATE,XLATGROUP_ID,THE_STATUS,LASTMODIFICATION) VALUES ('1000000001004', 'Attorney', 'SYSTEM', CURRENT_TIMESTAMP, 'CAR','A','A');
INSERT INTO MYALUMNI_SYSTEM_LOOKUP_TBL (LOOKUP_ID,THE_LABEL,LASTMODIFIED_BY,LASTMODIFIED_DATE,XLATGROUP_ID,THE_STATUS,LASTMODIFICATION) VALUES ('1000000001005', 'Business Owner', 'SYSTEM', CURRENT_TIMESTAMP, 'CAR','A','A');
INSERT INTO MYALUMNI_SYSTEM_LOOKUP_TBL (LOOKUP_ID,THE_LABEL,LASTMODIFIED_BY,LASTMODIFIED_DATE,XLATGROUP_ID,THE_STATUS,LASTMODIFICATION) VALUES ('1000000001006', 'Manager/Director', 'SYSTEM', CURRENT_TIMESTAMP, 'CAR','A','A');
INSERT INTO MYALUMNI_SYSTEM_LOOKUP_TBL (LOOKUP_ID,THE_LABEL,LASTMODIFIED_BY,LASTMODIFIED_DATE,XLATGROUP_ID,THE_STATUS,LASTMODIFICATION) VALUES ('1000000001007', 'Sales', 'SYSTEM', CURRENT_TIMESTAMP, 'CAR','A','A');
INSERT INTO MYALUMNI_SYSTEM_LOOKUP_TBL (LOOKUP_ID,THE_LABEL,LASTMODIFIED_BY,LASTMODIFIED_DATE,XLATGROUP_ID,THE_STATUS,LASTMODIFICATION) VALUES ('1000000001008', 'Student', 'SYSTEM', CURRENT_TIMESTAMP, 'CAR','A','A');
INSERT INTO MYALUMNI_SYSTEM_LOOKUP_TBL (LOOKUP_ID,THE_LABEL,LASTMODIFIED_BY,LASTMODIFIED_DATE,XLATGROUP_ID,THE_STATUS,LASTMODIFICATION) VALUES ('1000000001009', 'Information Technology', 'SYSTEM', CURRENT_TIMESTAMP, 'CAR','A','A');
INSERT INTO MYALUMNI_SYSTEM_LOOKUP_TBL (LOOKUP_ID,THE_LABEL,LASTMODIFIED_BY,LASTMODIFIED_DATE,XLATGROUP_ID,THE_STATUS,LASTMODIFICATION) VALUES ('1000000001010', 'Uniform Services (Fire, Police, Military)', 'SYSTEM', CURRENT_TIMESTAMP, 'CAR','A','A');
INSERT INTO MYALUMNI_SYSTEM_LOOKUP_TBL (LOOKUP_ID,THE_LABEL,LASTMODIFIED_BY,LASTMODIFIED_DATE,XLATGROUP_ID,THE_STATUS,LASTMODIFICATION) VALUES ('1000000001011', 'Accountant', 'SYSTEM', CURRENT_TIMESTAMP, 'CAR','A','A');
INSERT INTO MYALUMNI_SYSTEM_LOOKUP_TBL (LOOKUP_ID,THE_LABEL,LASTMODIFIED_BY,LASTMODIFIED_DATE,XLATGROUP_ID,THE_STATUS,LASTMODIFICATION) VALUES ('1000000001012', 'Architecture', 'SYSTEM', CURRENT_TIMESTAMP, 'CAR','A','A');
INSERT INTO MYALUMNI_SYSTEM_LOOKUP_TBL (LOOKUP_ID,THE_LABEL,LASTMODIFIED_BY,LASTMODIFIED_DATE,XLATGROUP_ID,THE_STATUS,LASTMODIFICATION) VALUES ('1000000001013', 'Auditor', 'SYSTEM', CURRENT_TIMESTAMP, 'CAR','A','A');
INSERT INTO MYALUMNI_SYSTEM_LOOKUP_TBL (LOOKUP_ID,THE_LABEL,LASTMODIFIED_BY,LASTMODIFIED_DATE,XLATGROUP_ID,THE_STATUS,LASTMODIFICATION) VALUES ('1000000001014', 'Banking', 'SYSTEM', CURRENT_TIMESTAMP, 'CAR','A','A');
INSERT INTO MYALUMNI_SYSTEM_LOOKUP_TBL (LOOKUP_ID,THE_LABEL,LASTMODIFIED_BY,LASTMODIFIED_DATE,XLATGROUP_ID,THE_STATUS,LASTMODIFICATION) VALUES ('1000000001015', 'Civil Servant', 'SYSTEM', CURRENT_TIMESTAMP, 'CAR','A','A');
INSERT INTO MYALUMNI_SYSTEM_LOOKUP_TBL (LOOKUP_ID,THE_LABEL,LASTMODIFIED_BY,LASTMODIFIED_DATE,XLATGROUP_ID,THE_STATUS,LASTMODIFICATION) VALUES ('1000000001016', 'Coach', 'SYSTEM', CURRENT_TIMESTAMP, 'CAR','A','A');
INSERT INTO MYALUMNI_SYSTEM_LOOKUP_TBL (LOOKUP_ID,THE_LABEL,LASTMODIFIED_BY,LASTMODIFIED_DATE,XLATGROUP_ID,THE_STATUS,LASTMODIFICATION) VALUES ('1000000001017', 'College', 'SYSTEM', CURRENT_TIMESTAMP, 'CAR','A','A');
INSERT INTO MYALUMNI_SYSTEM_LOOKUP_TBL (LOOKUP_ID,THE_LABEL,LASTMODIFIED_BY,LASTMODIFIED_DATE,XLATGROUP_ID,THE_STATUS,LASTMODIFICATION) VALUES ('1000000001018', 'Economist', 'SYSTEM', CURRENT_TIMESTAMP, 'CAR','A','A');
INSERT INTO MYALUMNI_SYSTEM_LOOKUP_TBL (LOOKUP_ID,THE_LABEL,LASTMODIFIED_BY,LASTMODIFIED_DATE,XLATGROUP_ID,THE_STATUS,LASTMODIFICATION) VALUES ('1000000001019', 'Finacial Analyst', 'SYSTEM', CURRENT_TIMESTAMP, 'CAR','A','A');
INSERT INTO MYALUMNI_SYSTEM_LOOKUP_TBL (LOOKUP_ID,THE_LABEL,LASTMODIFIED_BY,LASTMODIFIED_DATE,XLATGROUP_ID,THE_STATUS,LASTMODIFICATION) VALUES ('1000000001020', 'Geologist', 'SYSTEM', CURRENT_TIMESTAMP, 'CAR','A','A');
INSERT INTO MYALUMNI_SYSTEM_LOOKUP_TBL (LOOKUP_ID,THE_LABEL,LASTMODIFIED_BY,LASTMODIFIED_DATE,XLATGROUP_ID,THE_STATUS,LASTMODIFICATION) VALUES ('1000000001021', 'Lawyer', 'SYSTEM', CURRENT_TIMESTAMP, 'CAR','A','A');
INSERT INTO MYALUMNI_SYSTEM_LOOKUP_TBL (LOOKUP_ID,THE_LABEL,LASTMODIFIED_BY,LASTMODIFIED_DATE,XLATGROUP_ID,THE_STATUS,LASTMODIFICATION) VALUES ('1000000001022', 'Legal Services', 'SYSTEM', CURRENT_TIMESTAMP, 'CAR','A','A');
INSERT INTO MYALUMNI_SYSTEM_LOOKUP_TBL (LOOKUP_ID,THE_LABEL,LASTMODIFIED_BY,LASTMODIFIED_DATE,XLATGROUP_ID,THE_STATUS,LASTMODIFICATION) VALUES ('1000000001023', 'Microbiologist', 'SYSTEM', CURRENT_TIMESTAMP, 'CAR','A','A');
INSERT INTO MYALUMNI_SYSTEM_LOOKUP_TBL (LOOKUP_ID,THE_LABEL,LASTMODIFIED_BY,LASTMODIFIED_DATE,XLATGROUP_ID,THE_STATUS,LASTMODIFICATION) VALUES ('1000000001024', 'Modeling and acting', 'SYSTEM', CURRENT_TIMESTAMP, 'CAR','A','A');
INSERT INTO MYALUMNI_SYSTEM_LOOKUP_TBL (LOOKUP_ID,THE_LABEL,LASTMODIFIED_BY,LASTMODIFIED_DATE,XLATGROUP_ID,THE_STATUS,LASTMODIFICATION) VALUES ('1000000001025', 'Mortgage Consultant', 'SYSTEM', CURRENT_TIMESTAMP, 'CAR','A','A');
INSERT INTO MYALUMNI_SYSTEM_LOOKUP_TBL (LOOKUP_ID,THE_LABEL,LASTMODIFIED_BY,LASTMODIFIED_DATE,XLATGROUP_ID,THE_STATUS,LASTMODIFICATION) VALUES ('1000000001026', 'Nursing', 'SYSTEM', CURRENT_TIMESTAMP, 'CAR','A','A');
INSERT INTO MYALUMNI_SYSTEM_LOOKUP_TBL (LOOKUP_ID,THE_LABEL,LASTMODIFIED_BY,LASTMODIFIED_DATE,XLATGROUP_ID,THE_STATUS,LASTMODIFICATION) VALUES ('1000000001027', 'Oilfield consultant', 'SYSTEM', CURRENT_TIMESTAMP, 'CAR','A','A');
INSERT INTO MYALUMNI_SYSTEM_LOOKUP_TBL (LOOKUP_ID,THE_LABEL,LASTMODIFIED_BY,LASTMODIFIED_DATE,XLATGROUP_ID,THE_STATUS,LASTMODIFICATION) VALUES ('1000000001028', 'Optometrist', 'SYSTEM', CURRENT_TIMESTAMP, 'CAR','A','A');
INSERT INTO MYALUMNI_SYSTEM_LOOKUP_TBL (LOOKUP_ID,THE_LABEL,LASTMODIFIED_BY,LASTMODIFIED_DATE,XLATGROUP_ID,THE_STATUS,LASTMODIFICATION) VALUES ('1000000001029', 'Pharmacist', 'SYSTEM', CURRENT_TIMESTAMP, 'CAR','A','A');
INSERT INTO MYALUMNI_SYSTEM_LOOKUP_TBL (LOOKUP_ID,THE_LABEL,LASTMODIFIED_BY,LASTMODIFIED_DATE,XLATGROUP_ID,THE_STATUS,LASTMODIFICATION) VALUES ('1000000001030', 'Public Relations', 'SYSTEM', CURRENT_TIMESTAMP, 'CAR','A','A');
INSERT INTO MYALUMNI_SYSTEM_LOOKUP_TBL (LOOKUP_ID,THE_LABEL,LASTMODIFIED_BY,LASTMODIFIED_DATE,XLATGROUP_ID,THE_STATUS,LASTMODIFICATION) VALUES ('1000000001031', 'Volunteer', 'SYSTEM', CURRENT_TIMESTAMP, 'CAR','A','A');
INSERT INTO MYALUMNI_SYSTEM_LOOKUP_TBL (LOOKUP_ID,THE_LABEL,LASTMODIFIED_BY,LASTMODIFIED_DATE,XLATGROUP_ID,THE_STATUS,LASTMODIFICATION) VALUES ('1000000001032', 'Other', 'SYSTEM', CURRENT_TIMESTAMP, 'CAR','A','A');
INSERT INTO MYALUMNI_SYSTEM_LOOKUP_TBL (LOOKUP_ID,THE_LABEL,LASTMODIFIED_BY,LASTMODIFIED_DATE,XLATGROUP_ID,THE_STATUS,LASTMODIFICATION) VALUES ('1000000001999', '-UNKNOWN-', 'SYSTEM', CURRENT_TIMESTAMP, 'CAR','A','A');


--
-- DEGREE LOOKUP
--
INSERT INTO MYALUMNI_SYSTEM_LOOKUP_TBL (LOOKUP_ID,THE_LABEL,LASTMODIFIED_BY,LASTMODIFIED_DATE,XLATGROUP_ID,THE_STATUS,LASTMODIFICATION) VALUES ('1000000002001', 'High School', 'SYSTEM', CURRENT_TIMESTAMP, 'DEG','A','A');
INSERT INTO MYALUMNI_SYSTEM_LOOKUP_TBL (LOOKUP_ID,THE_LABEL,LASTMODIFIED_BY,LASTMODIFIED_DATE,XLATGROUP_ID,THE_STATUS,LASTMODIFICATION) VALUES ('1000000002002', 'Certification', 'SYSTEM', CURRENT_TIMESTAMP, 'DEG','A','A');
INSERT INTO MYALUMNI_SYSTEM_LOOKUP_TBL (LOOKUP_ID,THE_LABEL,LASTMODIFIED_BY,LASTMODIFIED_DATE,XLATGROUP_ID,THE_STATUS,LASTMODIFICATION) VALUES ('1000000002003', 'Vocational', 'SYSTEM', CURRENT_TIMESTAMP, 'DEG','A','A');
INSERT INTO MYALUMNI_SYSTEM_LOOKUP_TBL (LOOKUP_ID,THE_LABEL,LASTMODIFIED_BY,LASTMODIFIED_DATE,XLATGROUP_ID,THE_STATUS,LASTMODIFICATION) VALUES ('1000000002004', 'Some College Coursework Completed', 'SYSTEM', CURRENT_TIMESTAMP, 'DEG','A','A');
INSERT INTO MYALUMNI_SYSTEM_LOOKUP_TBL (LOOKUP_ID,THE_LABEL,LASTMODIFIED_BY,LASTMODIFIED_DATE,XLATGROUP_ID,THE_STATUS,LASTMODIFICATION) VALUES ('1000000002005', 'Associate Degree', 'SYSTEM', CURRENT_TIMESTAMP, 'DEG','A','A');
INSERT INTO MYALUMNI_SYSTEM_LOOKUP_TBL (LOOKUP_ID,THE_LABEL,LASTMODIFIED_BY,LASTMODIFIED_DATE,XLATGROUP_ID,THE_STATUS,LASTMODIFICATION) VALUES ('1000000002006', 'Bachelors Degree', 'SYSTEM', CURRENT_TIMESTAMP, 'DEG','A','A');
INSERT INTO MYALUMNI_SYSTEM_LOOKUP_TBL (LOOKUP_ID,THE_LABEL,LASTMODIFIED_BY,LASTMODIFIED_DATE,XLATGROUP_ID,THE_STATUS,LASTMODIFICATION) VALUES ('1000000002007', 'Masters Degree', 'SYSTEM', CURRENT_TIMESTAMP, 'DEG','A','A');
INSERT INTO MYALUMNI_SYSTEM_LOOKUP_TBL (LOOKUP_ID,THE_LABEL,LASTMODIFIED_BY,LASTMODIFIED_DATE,XLATGROUP_ID,THE_STATUS,LASTMODIFICATION) VALUES ('1000000002008', 'Doctorate', 'SYSTEM', CURRENT_TIMESTAMP, 'DEG','A','A');
INSERT INTO MYALUMNI_SYSTEM_LOOKUP_TBL (LOOKUP_ID,THE_LABEL,LASTMODIFIED_BY,LASTMODIFIED_DATE,XLATGROUP_ID,THE_STATUS,LASTMODIFICATION) VALUES ('1000000002009', 'Professional', 'SYSTEM', CURRENT_TIMESTAMP, 'DEG','A','A');
INSERT INTO MYALUMNI_SYSTEM_LOOKUP_TBL (LOOKUP_ID,THE_LABEL,LASTMODIFIED_BY,LASTMODIFIED_DATE,XLATGROUP_ID,THE_STATUS,LASTMODIFICATION) VALUES ('1000000002999', '-UNKNOWN-', 'SYSTEM', CURRENT_TIMESTAMP, 'DEG','A','A');


--
-- COUNTRY LOOKUP
--
INSERT INTO MYALUMNI_SYSTEM_LOOKUP_TBL (LOOKUP_ID,THE_LABEL,LASTMODIFIED_BY,LASTMODIFIED_DATE,XLATGROUP_ID,THE_STATUS,LASTMODIFICATION) VALUES ('1000000003001','United States of America', 'SYSTEM', CURRENT_TIMESTAMP, 'COU','A','A');
INSERT INTO MYALUMNI_SYSTEM_LOOKUP_TBL (LOOKUP_ID,THE_LABEL,LASTMODIFIED_BY,LASTMODIFIED_DATE,XLATGROUP_ID,THE_STATUS,LASTMODIFICATION) VALUES ('1000000003002','Nigeria', 'SYSTEM', CURRENT_TIMESTAMP, 'COU','A','A');
INSERT INTO MYALUMNI_SYSTEM_LOOKUP_TBL (LOOKUP_ID,THE_LABEL,LASTMODIFIED_BY,LASTMODIFIED_DATE,XLATGROUP_ID,THE_STATUS,LASTMODIFICATION) VALUES ('1000000003003','United Kingdom', 'SYSTEM', CURRENT_TIMESTAMP, 'COU','A','A');
INSERT INTO MYALUMNI_SYSTEM_LOOKUP_TBL (LOOKUP_ID,THE_LABEL,LASTMODIFIED_BY,LASTMODIFIED_DATE,XLATGROUP_ID,THE_STATUS,LASTMODIFICATION) VALUES ('1000000003004','Canada', 'SYSTEM', CURRENT_TIMESTAMP, 'COU','A','A');
INSERT INTO MYALUMNI_SYSTEM_LOOKUP_TBL (LOOKUP_ID,THE_LABEL,LASTMODIFIED_BY,LASTMODIFIED_DATE,XLATGROUP_ID,THE_STATUS,LASTMODIFICATION) VALUES ('1000000003005','Albania', 'SYSTEM', CURRENT_TIMESTAMP, 'COU','A','A');
INSERT INTO MYALUMNI_SYSTEM_LOOKUP_TBL (LOOKUP_ID,THE_LABEL,LASTMODIFIED_BY,LASTMODIFIED_DATE,XLATGROUP_ID,THE_STATUS,LASTMODIFICATION) VALUES ('1000000003006','Algeria', 'SYSTEM', CURRENT_TIMESTAMP, 'COU','A','A');
INSERT INTO MYALUMNI_SYSTEM_LOOKUP_TBL (LOOKUP_ID,THE_LABEL,LASTMODIFIED_BY,LASTMODIFIED_DATE,XLATGROUP_ID,THE_STATUS,LASTMODIFICATION) VALUES ('1000000003007','Antarctica', 'SYSTEM', CURRENT_TIMESTAMP, 'COU','A','A');
INSERT INTO MYALUMNI_SYSTEM_LOOKUP_TBL (LOOKUP_ID,THE_LABEL,LASTMODIFIED_BY,LASTMODIFIED_DATE,XLATGROUP_ID,THE_STATUS,LASTMODIFICATION) VALUES ('1000000003008','Antigua', 'SYSTEM', CURRENT_TIMESTAMP, 'COU','A','A');
INSERT INTO MYALUMNI_SYSTEM_LOOKUP_TBL (LOOKUP_ID,THE_LABEL,LASTMODIFIED_BY,LASTMODIFIED_DATE,XLATGROUP_ID,THE_STATUS,LASTMODIFICATION) VALUES ('1000000003009','Antilles', 'SYSTEM', CURRENT_TIMESTAMP, 'COU','A','A');
INSERT INTO MYALUMNI_SYSTEM_LOOKUP_TBL (LOOKUP_ID,THE_LABEL,LASTMODIFIED_BY,LASTMODIFIED_DATE,XLATGROUP_ID,THE_STATUS,LASTMODIFICATION) VALUES ('1000000003010','Ardaneek', 'SYSTEM', CURRENT_TIMESTAMP, 'COU','A','A');
INSERT INTO MYALUMNI_SYSTEM_LOOKUP_TBL (LOOKUP_ID,THE_LABEL,LASTMODIFIED_BY,LASTMODIFIED_DATE,XLATGROUP_ID,THE_STATUS,LASTMODIFICATION) VALUES ('1000000003011','Argentina', 'SYSTEM', CURRENT_TIMESTAMP, 'COU','A','A');
INSERT INTO MYALUMNI_SYSTEM_LOOKUP_TBL (LOOKUP_ID,THE_LABEL,LASTMODIFIED_BY,LASTMODIFIED_DATE,XLATGROUP_ID,THE_STATUS,LASTMODIFICATION) VALUES ('1000000003012','Armenia', 'SYSTEM', CURRENT_TIMESTAMP, 'COU','A','A');
INSERT INTO MYALUMNI_SYSTEM_LOOKUP_TBL (LOOKUP_ID,THE_LABEL,LASTMODIFIED_BY,LASTMODIFIED_DATE,XLATGROUP_ID,THE_STATUS,LASTMODIFICATION) VALUES ('1000000003013','Aruba', 'SYSTEM', CURRENT_TIMESTAMP, 'COU','A','A');
INSERT INTO MYALUMNI_SYSTEM_LOOKUP_TBL (LOOKUP_ID,THE_LABEL,LASTMODIFIED_BY,LASTMODIFIED_DATE,XLATGROUP_ID,THE_STATUS,LASTMODIFICATION) VALUES ('1000000003014','Australia', 'SYSTEM', CURRENT_TIMESTAMP, 'COU','A','A');
INSERT INTO MYALUMNI_SYSTEM_LOOKUP_TBL (LOOKUP_ID,THE_LABEL,LASTMODIFIED_BY,LASTMODIFIED_DATE,XLATGROUP_ID,THE_STATUS,LASTMODIFICATION) VALUES ('1000000003015','Austria', 'SYSTEM', CURRENT_TIMESTAMP, 'COU','A','A');
INSERT INTO MYALUMNI_SYSTEM_LOOKUP_TBL (LOOKUP_ID,THE_LABEL,LASTMODIFIED_BY,LASTMODIFIED_DATE,XLATGROUP_ID,THE_STATUS,LASTMODIFICATION) VALUES ('1000000003016','Azerbaijan', 'SYSTEM', CURRENT_TIMESTAMP, 'COU','A','A');
INSERT INTO MYALUMNI_SYSTEM_LOOKUP_TBL (LOOKUP_ID,THE_LABEL,LASTMODIFIED_BY,LASTMODIFIED_DATE,XLATGROUP_ID,THE_STATUS,LASTMODIFICATION) VALUES ('1000000003017','Bahamas', 'SYSTEM', CURRENT_TIMESTAMP, 'COU','A','A');
INSERT INTO MYALUMNI_SYSTEM_LOOKUP_TBL (LOOKUP_ID,THE_LABEL,LASTMODIFIED_BY,LASTMODIFIED_DATE,XLATGROUP_ID,THE_STATUS,LASTMODIFICATION) VALUES ('1000000003018','Bahrain', 'SYSTEM', CURRENT_TIMESTAMP, 'COU','A','A');
INSERT INTO MYALUMNI_SYSTEM_LOOKUP_TBL (LOOKUP_ID,THE_LABEL,LASTMODIFIED_BY,LASTMODIFIED_DATE,XLATGROUP_ID,THE_STATUS,LASTMODIFICATION) VALUES ('1000000003019','Bangladesh', 'SYSTEM', CURRENT_TIMESTAMP, 'COU','A','A');
INSERT INTO MYALUMNI_SYSTEM_LOOKUP_TBL (LOOKUP_ID,THE_LABEL,LASTMODIFIED_BY,LASTMODIFIED_DATE,XLATGROUP_ID,THE_STATUS,LASTMODIFICATION) VALUES ('1000000003020','Barbados', 'SYSTEM', CURRENT_TIMESTAMP, 'COU','A','A');
INSERT INTO MYALUMNI_SYSTEM_LOOKUP_TBL (LOOKUP_ID,THE_LABEL,LASTMODIFIED_BY,LASTMODIFIED_DATE,XLATGROUP_ID,THE_STATUS,LASTMODIFICATION) VALUES ('1000000003021','Belarus', 'SYSTEM', CURRENT_TIMESTAMP, 'COU','A','A');
INSERT INTO MYALUMNI_SYSTEM_LOOKUP_TBL (LOOKUP_ID,THE_LABEL,LASTMODIFIED_BY,LASTMODIFIED_DATE,XLATGROUP_ID,THE_STATUS,LASTMODIFICATION) VALUES ('1000000003022','Belarusiya', 'SYSTEM', CURRENT_TIMESTAMP, 'COU','A','A');
INSERT INTO MYALUMNI_SYSTEM_LOOKUP_TBL (LOOKUP_ID,THE_LABEL,LASTMODIFIED_BY,LASTMODIFIED_DATE,XLATGROUP_ID,THE_STATUS,LASTMODIFICATION) VALUES ('1000000003023','Belgium', 'SYSTEM', CURRENT_TIMESTAMP, 'COU','A','A');
INSERT INTO MYALUMNI_SYSTEM_LOOKUP_TBL (LOOKUP_ID,THE_LABEL,LASTMODIFIED_BY,LASTMODIFIED_DATE,XLATGROUP_ID,THE_STATUS,LASTMODIFICATION) VALUES ('1000000003024','Belize', 'SYSTEM', CURRENT_TIMESTAMP, 'COU','A','A');
INSERT INTO MYALUMNI_SYSTEM_LOOKUP_TBL (LOOKUP_ID,THE_LABEL,LASTMODIFIED_BY,LASTMODIFIED_DATE,XLATGROUP_ID,THE_STATUS,LASTMODIFICATION) VALUES ('1000000003025','Belorus', 'SYSTEM', CURRENT_TIMESTAMP, 'COU','A','A');
INSERT INTO MYALUMNI_SYSTEM_LOOKUP_TBL (LOOKUP_ID,THE_LABEL,LASTMODIFIED_BY,LASTMODIFIED_DATE,XLATGROUP_ID,THE_STATUS,LASTMODIFICATION) VALUES ('1000000003026','Bermuda', 'SYSTEM', CURRENT_TIMESTAMP, 'COU','A','A');
INSERT INTO MYALUMNI_SYSTEM_LOOKUP_TBL (LOOKUP_ID,THE_LABEL,LASTMODIFIED_BY,LASTMODIFIED_DATE,XLATGROUP_ID,THE_STATUS,LASTMODIFICATION) VALUES ('1000000003027','Bolivia', 'SYSTEM', CURRENT_TIMESTAMP, 'COU','A','A');
INSERT INTO MYALUMNI_SYSTEM_LOOKUP_TBL (LOOKUP_ID,THE_LABEL,LASTMODIFIED_BY,LASTMODIFIED_DATE,XLATGROUP_ID,THE_STATUS,LASTMODIFICATION) VALUES ('1000000003028','Bosnia', 'SYSTEM', CURRENT_TIMESTAMP, 'COU','A','A');
INSERT INTO MYALUMNI_SYSTEM_LOOKUP_TBL (LOOKUP_ID,THE_LABEL,LASTMODIFIED_BY,LASTMODIFIED_DATE,XLATGROUP_ID,THE_STATUS,LASTMODIFICATION) VALUES ('1000000003029','Botswana', 'SYSTEM', CURRENT_TIMESTAMP, 'COU','A','A');
INSERT INTO MYALUMNI_SYSTEM_LOOKUP_TBL (LOOKUP_ID,THE_LABEL,LASTMODIFIED_BY,LASTMODIFIED_DATE,XLATGROUP_ID,THE_STATUS,LASTMODIFICATION) VALUES ('1000000003030','Brazil', 'SYSTEM', CURRENT_TIMESTAMP, 'COU','A','A');
INSERT INTO MYALUMNI_SYSTEM_LOOKUP_TBL (LOOKUP_ID,THE_LABEL,LASTMODIFIED_BY,LASTMODIFIED_DATE,XLATGROUP_ID,THE_STATUS,LASTMODIFICATION) VALUES ('1000000003031','British Virgin Islands', 'SYSTEM', CURRENT_TIMESTAMP, 'COU','A','A');
INSERT INTO MYALUMNI_SYSTEM_LOOKUP_TBL (LOOKUP_ID,THE_LABEL,LASTMODIFIED_BY,LASTMODIFIED_DATE,XLATGROUP_ID,THE_STATUS,LASTMODIFICATION) VALUES ('1000000003032','Broward', 'SYSTEM', CURRENT_TIMESTAMP, 'COU','A','A');
INSERT INTO MYALUMNI_SYSTEM_LOOKUP_TBL (LOOKUP_ID,THE_LABEL,LASTMODIFIED_BY,LASTMODIFIED_DATE,XLATGROUP_ID,THE_STATUS,LASTMODIFICATION) VALUES ('1000000003033','Brunei', 'SYSTEM', CURRENT_TIMESTAMP, 'COU','A','A');
INSERT INTO MYALUMNI_SYSTEM_LOOKUP_TBL (LOOKUP_ID,THE_LABEL,LASTMODIFIED_BY,LASTMODIFIED_DATE,XLATGROUP_ID,THE_STATUS,LASTMODIFICATION) VALUES ('1000000003034','Bulgaria', 'SYSTEM', CURRENT_TIMESTAMP, 'COU','A','A');
INSERT INTO MYALUMNI_SYSTEM_LOOKUP_TBL (LOOKUP_ID,THE_LABEL,LASTMODIFIED_BY,LASTMODIFIED_DATE,XLATGROUP_ID,THE_STATUS,LASTMODIFICATION) VALUES ('1000000003035','Caribbean', 'SYSTEM', CURRENT_TIMESTAMP, 'COU','A','A');
INSERT INTO MYALUMNI_SYSTEM_LOOKUP_TBL (LOOKUP_ID,THE_LABEL,LASTMODIFIED_BY,LASTMODIFIED_DATE,XLATGROUP_ID,THE_STATUS,LASTMODIFICATION) VALUES ('1000000003036','Cayman Islands', 'SYSTEM', CURRENT_TIMESTAMP, 'COU','A','A');
INSERT INTO MYALUMNI_SYSTEM_LOOKUP_TBL (LOOKUP_ID,THE_LABEL,LASTMODIFIED_BY,LASTMODIFIED_DATE,XLATGROUP_ID,THE_STATUS,LASTMODIFICATION) VALUES ('1000000003037','Chile', 'SYSTEM', CURRENT_TIMESTAMP, 'COU','A','A');
INSERT INTO MYALUMNI_SYSTEM_LOOKUP_TBL (LOOKUP_ID,THE_LABEL,LASTMODIFIED_BY,LASTMODIFIED_DATE,XLATGROUP_ID,THE_STATUS,LASTMODIFICATION) VALUES ('1000000003038','China', 'SYSTEM', CURRENT_TIMESTAMP, 'COU','A','A');
INSERT INTO MYALUMNI_SYSTEM_LOOKUP_TBL (LOOKUP_ID,THE_LABEL,LASTMODIFIED_BY,LASTMODIFIED_DATE,XLATGROUP_ID,THE_STATUS,LASTMODIFICATION) VALUES ('1000000003039','Colombia', 'SYSTEM', CURRENT_TIMESTAMP, 'COU','A','A');
INSERT INTO MYALUMNI_SYSTEM_LOOKUP_TBL (LOOKUP_ID,THE_LABEL,LASTMODIFIED_BY,LASTMODIFIED_DATE,XLATGROUP_ID,THE_STATUS,LASTMODIFICATION) VALUES ('1000000003040','Costa Rica', 'SYSTEM', CURRENT_TIMESTAMP, 'COU','A','A');
INSERT INTO MYALUMNI_SYSTEM_LOOKUP_TBL (LOOKUP_ID,THE_LABEL,LASTMODIFIED_BY,LASTMODIFIED_DATE,XLATGROUP_ID,THE_STATUS,LASTMODIFICATION) VALUES ('1000000003041','Croatia', 'SYSTEM', CURRENT_TIMESTAMP, 'COU','A','A');
INSERT INTO MYALUMNI_SYSTEM_LOOKUP_TBL (LOOKUP_ID,THE_LABEL,LASTMODIFIED_BY,LASTMODIFIED_DATE,XLATGROUP_ID,THE_STATUS,LASTMODIFICATION) VALUES ('1000000003042','Cuba', 'SYSTEM', CURRENT_TIMESTAMP, 'COU','A','A');
INSERT INTO MYALUMNI_SYSTEM_LOOKUP_TBL (LOOKUP_ID,THE_LABEL,LASTMODIFIED_BY,LASTMODIFIED_DATE,XLATGROUP_ID,THE_STATUS,LASTMODIFICATION) VALUES ('1000000003043','Cyprus', 'SYSTEM', CURRENT_TIMESTAMP, 'COU','A','A');
INSERT INTO MYALUMNI_SYSTEM_LOOKUP_TBL (LOOKUP_ID,THE_LABEL,LASTMODIFIED_BY,LASTMODIFIED_DATE,XLATGROUP_ID,THE_STATUS,LASTMODIFICATION) VALUES ('1000000003044','Czech Republic', 'SYSTEM', CURRENT_TIMESTAMP, 'COU','A','A');
INSERT INTO MYALUMNI_SYSTEM_LOOKUP_TBL (LOOKUP_ID,THE_LABEL,LASTMODIFIED_BY,LASTMODIFIED_DATE,XLATGROUP_ID,THE_STATUS,LASTMODIFICATION) VALUES ('1000000003045','Czechoslovakia', 'SYSTEM', CURRENT_TIMESTAMP, 'COU','A','A');
INSERT INTO MYALUMNI_SYSTEM_LOOKUP_TBL (LOOKUP_ID,THE_LABEL,LASTMODIFIED_BY,LASTMODIFIED_DATE,XLATGROUP_ID,THE_STATUS,LASTMODIFICATION) VALUES ('1000000003046','Denmark', 'SYSTEM', CURRENT_TIMESTAMP, 'COU','A','A');
INSERT INTO MYALUMNI_SYSTEM_LOOKUP_TBL (LOOKUP_ID,THE_LABEL,LASTMODIFIED_BY,LASTMODIFIED_DATE,XLATGROUP_ID,THE_STATUS,LASTMODIFICATION) VALUES ('1000000003047','Dominican Republic', 'SYSTEM', CURRENT_TIMESTAMP, 'COU','A','A');
INSERT INTO MYALUMNI_SYSTEM_LOOKUP_TBL (LOOKUP_ID,THE_LABEL,LASTMODIFIED_BY,LASTMODIFIED_DATE,XLATGROUP_ID,THE_STATUS,LASTMODIFICATION) VALUES ('1000000003048','East Java', 'SYSTEM', CURRENT_TIMESTAMP, 'COU','A','A');
INSERT INTO MYALUMNI_SYSTEM_LOOKUP_TBL (LOOKUP_ID,THE_LABEL,LASTMODIFIED_BY,LASTMODIFIED_DATE,XLATGROUP_ID,THE_STATUS,LASTMODIFICATION) VALUES ('1000000003049','Ecuador', 'SYSTEM', CURRENT_TIMESTAMP, 'COU','A','A');
INSERT INTO MYALUMNI_SYSTEM_LOOKUP_TBL (LOOKUP_ID,THE_LABEL,LASTMODIFIED_BY,LASTMODIFIED_DATE,XLATGROUP_ID,THE_STATUS,LASTMODIFICATION) VALUES ('1000000003050','Egypt', 'SYSTEM', CURRENT_TIMESTAMP, 'COU','A','A');
INSERT INTO MYALUMNI_SYSTEM_LOOKUP_TBL (LOOKUP_ID,THE_LABEL,LASTMODIFIED_BY,LASTMODIFIED_DATE,XLATGROUP_ID,THE_STATUS,LASTMODIFICATION) VALUES ('1000000003051','El Salvador', 'SYSTEM', CURRENT_TIMESTAMP, 'COU','A','A');
INSERT INTO MYALUMNI_SYSTEM_LOOKUP_TBL (LOOKUP_ID,THE_LABEL,LASTMODIFIED_BY,LASTMODIFIED_DATE,XLATGROUP_ID,THE_STATUS,LASTMODIFICATION) VALUES ('1000000003052','England', 'SYSTEM', CURRENT_TIMESTAMP, 'COU','A','A');
INSERT INTO MYALUMNI_SYSTEM_LOOKUP_TBL (LOOKUP_ID,THE_LABEL,LASTMODIFIED_BY,LASTMODIFIED_DATE,XLATGROUP_ID,THE_STATUS,LASTMODIFICATION) VALUES ('1000000003053','Estonia', 'SYSTEM', CURRENT_TIMESTAMP, 'COU','A','A');
INSERT INTO MYALUMNI_SYSTEM_LOOKUP_TBL (LOOKUP_ID,THE_LABEL,LASTMODIFIED_BY,LASTMODIFIED_DATE,XLATGROUP_ID,THE_STATUS,LASTMODIFICATION) VALUES ('1000000003054','Ethiopia', 'SYSTEM', CURRENT_TIMESTAMP, 'COU','A','A');
INSERT INTO MYALUMNI_SYSTEM_LOOKUP_TBL (LOOKUP_ID,THE_LABEL,LASTMODIFIED_BY,LASTMODIFIED_DATE,XLATGROUP_ID,THE_STATUS,LASTMODIFICATION) VALUES ('1000000003055','Falkland Islands', 'SYSTEM', CURRENT_TIMESTAMP, 'COU','A','A');
INSERT INTO MYALUMNI_SYSTEM_LOOKUP_TBL (LOOKUP_ID,THE_LABEL,LASTMODIFIED_BY,LASTMODIFIED_DATE,XLATGROUP_ID,THE_STATUS,LASTMODIFICATION) VALUES ('1000000003056','Fiji', 'SYSTEM', CURRENT_TIMESTAMP, 'COU','A','A');
INSERT INTO MYALUMNI_SYSTEM_LOOKUP_TBL (LOOKUP_ID,THE_LABEL,LASTMODIFIED_BY,LASTMODIFIED_DATE,XLATGROUP_ID,THE_STATUS,LASTMODIFICATION) VALUES ('1000000003057','Finland', 'SYSTEM', CURRENT_TIMESTAMP, 'COU','A','A');
INSERT INTO MYALUMNI_SYSTEM_LOOKUP_TBL (LOOKUP_ID,THE_LABEL,LASTMODIFIED_BY,LASTMODIFIED_DATE,XLATGROUP_ID,THE_STATUS,LASTMODIFICATION) VALUES ('1000000003058','France', 'SYSTEM', CURRENT_TIMESTAMP, 'COU','A','A');
INSERT INTO MYALUMNI_SYSTEM_LOOKUP_TBL (LOOKUP_ID,THE_LABEL,LASTMODIFIED_BY,LASTMODIFIED_DATE,XLATGROUP_ID,THE_STATUS,LASTMODIFICATION) VALUES ('1000000003059','Georgia', 'SYSTEM', CURRENT_TIMESTAMP, 'COU','A','A');
INSERT INTO MYALUMNI_SYSTEM_LOOKUP_TBL (LOOKUP_ID,THE_LABEL,LASTMODIFIED_BY,LASTMODIFIED_DATE,XLATGROUP_ID,THE_STATUS,LASTMODIFICATION) VALUES ('1000000003060','Germany', 'SYSTEM', CURRENT_TIMESTAMP, 'COU','A','A');
INSERT INTO MYALUMNI_SYSTEM_LOOKUP_TBL (LOOKUP_ID,THE_LABEL,LASTMODIFIED_BY,LASTMODIFIED_DATE,XLATGROUP_ID,THE_STATUS,LASTMODIFICATION) VALUES ('1000000003061','Ghana', 'SYSTEM', CURRENT_TIMESTAMP, 'COU','A','A');
INSERT INTO MYALUMNI_SYSTEM_LOOKUP_TBL (LOOKUP_ID,THE_LABEL,LASTMODIFIED_BY,LASTMODIFIED_DATE,XLATGROUP_ID,THE_STATUS,LASTMODIFICATION) VALUES ('1000000003062','Gibraltar', 'SYSTEM', CURRENT_TIMESTAMP, 'COU','A','A');
INSERT INTO MYALUMNI_SYSTEM_LOOKUP_TBL (LOOKUP_ID,THE_LABEL,LASTMODIFIED_BY,LASTMODIFIED_DATE,XLATGROUP_ID,THE_STATUS,LASTMODIFICATION) VALUES ('1000000003063','Greece', 'SYSTEM', CURRENT_TIMESTAMP, 'COU','A','A');
INSERT INTO MYALUMNI_SYSTEM_LOOKUP_TBL (LOOKUP_ID,THE_LABEL,LASTMODIFIED_BY,LASTMODIFIED_DATE,XLATGROUP_ID,THE_STATUS,LASTMODIFICATION) VALUES ('1000000003064','Greenland', 'SYSTEM', CURRENT_TIMESTAMP, 'COU','A','A');
INSERT INTO MYALUMNI_SYSTEM_LOOKUP_TBL (LOOKUP_ID,THE_LABEL,LASTMODIFIED_BY,LASTMODIFIED_DATE,XLATGROUP_ID,THE_STATUS,LASTMODIFICATION) VALUES ('1000000003065','Guatemala', 'SYSTEM', CURRENT_TIMESTAMP, 'COU','A','A');
INSERT INTO MYALUMNI_SYSTEM_LOOKUP_TBL (LOOKUP_ID,THE_LABEL,LASTMODIFIED_BY,LASTMODIFIED_DATE,XLATGROUP_ID,THE_STATUS,LASTMODIFICATION) VALUES ('1000000003066','Guyana', 'SYSTEM', CURRENT_TIMESTAMP, 'COU','A','A');
INSERT INTO MYALUMNI_SYSTEM_LOOKUP_TBL (LOOKUP_ID,THE_LABEL,LASTMODIFIED_BY,LASTMODIFIED_DATE,XLATGROUP_ID,THE_STATUS,LASTMODIFICATION) VALUES ('1000000003067','Honduras', 'SYSTEM', CURRENT_TIMESTAMP, 'COU','A','A');
INSERT INTO MYALUMNI_SYSTEM_LOOKUP_TBL (LOOKUP_ID,THE_LABEL,LASTMODIFIED_BY,LASTMODIFIED_DATE,XLATGROUP_ID,THE_STATUS,LASTMODIFICATION) VALUES ('1000000003068','Hong Kong', 'SYSTEM', CURRENT_TIMESTAMP, 'COU','A','A');
INSERT INTO MYALUMNI_SYSTEM_LOOKUP_TBL (LOOKUP_ID,THE_LABEL,LASTMODIFIED_BY,LASTMODIFIED_DATE,XLATGROUP_ID,THE_STATUS,LASTMODIFICATION) VALUES ('1000000003069','Hungary', 'SYSTEM', CURRENT_TIMESTAMP, 'COU','A','A');
INSERT INTO MYALUMNI_SYSTEM_LOOKUP_TBL (LOOKUP_ID,THE_LABEL,LASTMODIFIED_BY,LASTMODIFIED_DATE,XLATGROUP_ID,THE_STATUS,LASTMODIFICATION) VALUES ('1000000003070','Iceland', 'SYSTEM', CURRENT_TIMESTAMP, 'COU','A','A');
INSERT INTO MYALUMNI_SYSTEM_LOOKUP_TBL (LOOKUP_ID,THE_LABEL,LASTMODIFIED_BY,LASTMODIFIED_DATE,XLATGROUP_ID,THE_STATUS,LASTMODIFICATION) VALUES ('1000000003081','India', 'SYSTEM', CURRENT_TIMESTAMP, 'COU','A','A');
INSERT INTO MYALUMNI_SYSTEM_LOOKUP_TBL (LOOKUP_ID,THE_LABEL,LASTMODIFIED_BY,LASTMODIFIED_DATE,XLATGROUP_ID,THE_STATUS,LASTMODIFICATION) VALUES ('1000000003082','Indonesia', 'SYSTEM', CURRENT_TIMESTAMP, 'COU','A','A');
INSERT INTO MYALUMNI_SYSTEM_LOOKUP_TBL (LOOKUP_ID,THE_LABEL,LASTMODIFIED_BY,LASTMODIFIED_DATE,XLATGROUP_ID,THE_STATUS,LASTMODIFICATION) VALUES ('1000000003083','Iran', 'SYSTEM', CURRENT_TIMESTAMP, 'COU','A','A');
INSERT INTO MYALUMNI_SYSTEM_LOOKUP_TBL (LOOKUP_ID,THE_LABEL,LASTMODIFIED_BY,LASTMODIFIED_DATE,XLATGROUP_ID,THE_STATUS,LASTMODIFICATION) VALUES ('1000000003084','Ireland', 'SYSTEM', CURRENT_TIMESTAMP, 'COU','A','A');
INSERT INTO MYALUMNI_SYSTEM_LOOKUP_TBL (LOOKUP_ID,THE_LABEL,LASTMODIFIED_BY,LASTMODIFIED_DATE,XLATGROUP_ID,THE_STATUS,LASTMODIFICATION) VALUES ('1000000003085','Israel', 'SYSTEM', CURRENT_TIMESTAMP, 'COU','A','A');
INSERT INTO MYALUMNI_SYSTEM_LOOKUP_TBL (LOOKUP_ID,THE_LABEL,LASTMODIFIED_BY,LASTMODIFIED_DATE,XLATGROUP_ID,THE_STATUS,LASTMODIFICATION) VALUES ('1000000003086','Italy', 'SYSTEM', CURRENT_TIMESTAMP, 'COU','A','A');
INSERT INTO MYALUMNI_SYSTEM_LOOKUP_TBL (LOOKUP_ID,THE_LABEL,LASTMODIFIED_BY,LASTMODIFIED_DATE,XLATGROUP_ID,THE_STATUS,LASTMODIFICATION) VALUES ('1000000003087','Jakarta', 'SYSTEM', CURRENT_TIMESTAMP, 'COU','A','A');
INSERT INTO MYALUMNI_SYSTEM_LOOKUP_TBL (LOOKUP_ID,THE_LABEL,LASTMODIFIED_BY,LASTMODIFIED_DATE,XLATGROUP_ID,THE_STATUS,LASTMODIFICATION) VALUES ('1000000003088','Jamaica', 'SYSTEM', CURRENT_TIMESTAMP, 'COU','A','A');
INSERT INTO MYALUMNI_SYSTEM_LOOKUP_TBL (LOOKUP_ID,THE_LABEL,LASTMODIFIED_BY,LASTMODIFIED_DATE,XLATGROUP_ID,THE_STATUS,LASTMODIFICATION) VALUES ('1000000003089','Japan', 'SYSTEM', CURRENT_TIMESTAMP, 'COU','A','A');
INSERT INTO MYALUMNI_SYSTEM_LOOKUP_TBL (LOOKUP_ID,THE_LABEL,LASTMODIFIED_BY,LASTMODIFIED_DATE,XLATGROUP_ID,THE_STATUS,LASTMODIFICATION) VALUES ('1000000003090','Jordan', 'SYSTEM', CURRENT_TIMESTAMP, 'COU','A','A');
INSERT INTO MYALUMNI_SYSTEM_LOOKUP_TBL (LOOKUP_ID,THE_LABEL,LASTMODIFIED_BY,LASTMODIFIED_DATE,XLATGROUP_ID,THE_STATUS,LASTMODIFICATION) VALUES ('1000000003091','Kamchatka', 'SYSTEM', CURRENT_TIMESTAMP, 'COU','A','A');
INSERT INTO MYALUMNI_SYSTEM_LOOKUP_TBL (LOOKUP_ID,THE_LABEL,LASTMODIFIED_BY,LASTMODIFIED_DATE,XLATGROUP_ID,THE_STATUS,LASTMODIFICATION) VALUES ('1000000003092','Kazakhstan', 'SYSTEM', CURRENT_TIMESTAMP, 'COU','A','A');
INSERT INTO MYALUMNI_SYSTEM_LOOKUP_TBL (LOOKUP_ID,THE_LABEL,LASTMODIFIED_BY,LASTMODIFIED_DATE,XLATGROUP_ID,THE_STATUS,LASTMODIFICATION) VALUES ('1000000003093','Kenya', 'SYSTEM', CURRENT_TIMESTAMP, 'COU','A','A');
INSERT INTO MYALUMNI_SYSTEM_LOOKUP_TBL (LOOKUP_ID,THE_LABEL,LASTMODIFIED_BY,LASTMODIFIED_DATE,XLATGROUP_ID,THE_STATUS,LASTMODIFICATION) VALUES ('1000000003094','Korea', 'SYSTEM', CURRENT_TIMESTAMP, 'COU','A','A');
INSERT INTO MYALUMNI_SYSTEM_LOOKUP_TBL (LOOKUP_ID,THE_LABEL,LASTMODIFIED_BY,LASTMODIFIED_DATE,XLATGROUP_ID,THE_STATUS,LASTMODIFICATION) VALUES ('1000000003095','Krasnodar', 'SYSTEM', CURRENT_TIMESTAMP, 'COU','A','A');
INSERT INTO MYALUMNI_SYSTEM_LOOKUP_TBL (LOOKUP_ID,THE_LABEL,LASTMODIFIED_BY,LASTMODIFIED_DATE,XLATGROUP_ID,THE_STATUS,LASTMODIFICATION) VALUES ('1000000003096','Kuwait', 'SYSTEM', CURRENT_TIMESTAMP, 'COU','A','A');
INSERT INTO MYALUMNI_SYSTEM_LOOKUP_TBL (LOOKUP_ID,THE_LABEL,LASTMODIFIED_BY,LASTMODIFIED_DATE,XLATGROUP_ID,THE_STATUS,LASTMODIFICATION) VALUES ('1000000003097','Kyrgystan', 'SYSTEM', CURRENT_TIMESTAMP, 'COU','A','A');
INSERT INTO MYALUMNI_SYSTEM_LOOKUP_TBL (LOOKUP_ID,THE_LABEL,LASTMODIFIED_BY,LASTMODIFIED_DATE,XLATGROUP_ID,THE_STATUS,LASTMODIFICATION) VALUES ('1000000003098','Kyrgyz Republic', 'SYSTEM', CURRENT_TIMESTAMP, 'COU','A','A');
INSERT INTO MYALUMNI_SYSTEM_LOOKUP_TBL (LOOKUP_ID,THE_LABEL,LASTMODIFIED_BY,LASTMODIFIED_DATE,XLATGROUP_ID,THE_STATUS,LASTMODIFICATION) VALUES ('1000000003099','Latvia', 'SYSTEM', CURRENT_TIMESTAMP, 'COU','A','A');
INSERT INTO MYALUMNI_SYSTEM_LOOKUP_TBL (LOOKUP_ID,THE_LABEL,LASTMODIFIED_BY,LASTMODIFIED_DATE,XLATGROUP_ID,THE_STATUS,LASTMODIFICATION) VALUES ('1000000003100','Lebanon', 'SYSTEM', CURRENT_TIMESTAMP, 'COU','A','A');
INSERT INTO MYALUMNI_SYSTEM_LOOKUP_TBL (LOOKUP_ID,THE_LABEL,LASTMODIFIED_BY,LASTMODIFIED_DATE,XLATGROUP_ID,THE_STATUS,LASTMODIFICATION) VALUES ('1000000003101','Lithuania', 'SYSTEM', CURRENT_TIMESTAMP, 'COU','A','A');
INSERT INTO MYALUMNI_SYSTEM_LOOKUP_TBL (LOOKUP_ID,THE_LABEL,LASTMODIFIED_BY,LASTMODIFIED_DATE,XLATGROUP_ID,THE_STATUS,LASTMODIFICATION) VALUES ('1000000003102','Luxembourg', 'SYSTEM', CURRENT_TIMESTAMP, 'COU','A','A');
INSERT INTO MYALUMNI_SYSTEM_LOOKUP_TBL (LOOKUP_ID,THE_LABEL,LASTMODIFIED_BY,LASTMODIFIED_DATE,XLATGROUP_ID,THE_STATUS,LASTMODIFICATION) VALUES ('1000000003103','Macau', 'SYSTEM', CURRENT_TIMESTAMP, 'COU','A','A');
INSERT INTO MYALUMNI_SYSTEM_LOOKUP_TBL (LOOKUP_ID,THE_LABEL,LASTMODIFIED_BY,LASTMODIFIED_DATE,XLATGROUP_ID,THE_STATUS,LASTMODIFICATION) VALUES ('1000000003104','Malaysia', 'SYSTEM', CURRENT_TIMESTAMP, 'COU','A','A');
INSERT INTO MYALUMNI_SYSTEM_LOOKUP_TBL (LOOKUP_ID,THE_LABEL,LASTMODIFIED_BY,LASTMODIFIED_DATE,XLATGROUP_ID,THE_STATUS,LASTMODIFICATION) VALUES ('1000000003105','Maldives', 'SYSTEM', CURRENT_TIMESTAMP, 'COU','A','A');
INSERT INTO MYALUMNI_SYSTEM_LOOKUP_TBL (LOOKUP_ID,THE_LABEL,LASTMODIFIED_BY,LASTMODIFIED_DATE,XLATGROUP_ID,THE_STATUS,LASTMODIFICATION) VALUES ('1000000003106','Malta', 'SYSTEM', CURRENT_TIMESTAMP, 'COU','A','A');
INSERT INTO MYALUMNI_SYSTEM_LOOKUP_TBL (LOOKUP_ID,THE_LABEL,LASTMODIFIED_BY,LASTMODIFIED_DATE,XLATGROUP_ID,THE_STATUS,LASTMODIFICATION) VALUES ('1000000003107','Manila', 'SYSTEM', CURRENT_TIMESTAMP, 'COU','A','A');
INSERT INTO MYALUMNI_SYSTEM_LOOKUP_TBL (LOOKUP_ID,THE_LABEL,LASTMODIFIED_BY,LASTMODIFIED_DATE,XLATGROUP_ID,THE_STATUS,LASTMODIFICATION) VALUES ('1000000003108','Marshall Islands', 'SYSTEM', CURRENT_TIMESTAMP, 'COU','A','A');
INSERT INTO MYALUMNI_SYSTEM_LOOKUP_TBL (LOOKUP_ID,THE_LABEL,LASTMODIFIED_BY,LASTMODIFIED_DATE,XLATGROUP_ID,THE_STATUS,LASTMODIFICATION) VALUES ('1000000003109','Mauritius', 'SYSTEM', CURRENT_TIMESTAMP, 'COU','A','A');
INSERT INTO MYALUMNI_SYSTEM_LOOKUP_TBL (LOOKUP_ID,THE_LABEL,LASTMODIFIED_BY,LASTMODIFIED_DATE,XLATGROUP_ID,THE_STATUS,LASTMODIFICATION) VALUES ('1000000003110','Mexico', 'SYSTEM', CURRENT_TIMESTAMP, 'COU','A','A');
INSERT INTO MYALUMNI_SYSTEM_LOOKUP_TBL (LOOKUP_ID,THE_LABEL,LASTMODIFIED_BY,LASTMODIFIED_DATE,XLATGROUP_ID,THE_STATUS,LASTMODIFICATION) VALUES ('1000000003111','Moldova', 'SYSTEM', CURRENT_TIMESTAMP, 'COU','A','A');
INSERT INTO MYALUMNI_SYSTEM_LOOKUP_TBL (LOOKUP_ID,THE_LABEL,LASTMODIFIED_BY,LASTMODIFIED_DATE,XLATGROUP_ID,THE_STATUS,LASTMODIFICATION) VALUES ('1000000003112','Monaco', 'SYSTEM', CURRENT_TIMESTAMP, 'COU','A','A');
INSERT INTO MYALUMNI_SYSTEM_LOOKUP_TBL (LOOKUP_ID,THE_LABEL,LASTMODIFIED_BY,LASTMODIFIED_DATE,XLATGROUP_ID,THE_STATUS,LASTMODIFICATION) VALUES ('1000000003113','Morocco', 'SYSTEM', CURRENT_TIMESTAMP, 'COU','A','A');
INSERT INTO MYALUMNI_SYSTEM_LOOKUP_TBL (LOOKUP_ID,THE_LABEL,LASTMODIFIED_BY,LASTMODIFIED_DATE,XLATGROUP_ID,THE_STATUS,LASTMODIFICATION) VALUES ('1000000003114','Myanmar', 'SYSTEM', CURRENT_TIMESTAMP, 'COU','A','A');
INSERT INTO MYALUMNI_SYSTEM_LOOKUP_TBL (LOOKUP_ID,THE_LABEL,LASTMODIFIED_BY,LASTMODIFIED_DATE,XLATGROUP_ID,THE_STATUS,LASTMODIFICATION) VALUES ('1000000003115','Namibia', 'SYSTEM', CURRENT_TIMESTAMP, 'COU','A','A');
INSERT INTO MYALUMNI_SYSTEM_LOOKUP_TBL (LOOKUP_ID,THE_LABEL,LASTMODIFIED_BY,LASTMODIFIED_DATE,XLATGROUP_ID,THE_STATUS,LASTMODIFICATION) VALUES ('1000000003116','Narnia', 'SYSTEM', CURRENT_TIMESTAMP, 'COU','A','A');
INSERT INTO MYALUMNI_SYSTEM_LOOKUP_TBL (LOOKUP_ID,THE_LABEL,LASTMODIFIED_BY,LASTMODIFIED_DATE,XLATGROUP_ID,THE_STATUS,LASTMODIFICATION) VALUES ('1000000003117','Neekstan', 'SYSTEM', CURRENT_TIMESTAMP, 'COU','A','A');
INSERT INTO MYALUMNI_SYSTEM_LOOKUP_TBL (LOOKUP_ID,THE_LABEL,LASTMODIFIED_BY,LASTMODIFIED_DATE,XLATGROUP_ID,THE_STATUS,LASTMODIFICATION) VALUES ('1000000003118','Netherlands', 'SYSTEM', CURRENT_TIMESTAMP, 'COU','A','A');
INSERT INTO MYALUMNI_SYSTEM_LOOKUP_TBL (LOOKUP_ID,THE_LABEL,LASTMODIFIED_BY,LASTMODIFIED_DATE,XLATGROUP_ID,THE_STATUS,LASTMODIFICATION) VALUES ('1000000003119','New Zealand', 'SYSTEM', CURRENT_TIMESTAMP, 'COU','A','A');
INSERT INTO MYALUMNI_SYSTEM_LOOKUP_TBL (LOOKUP_ID,THE_LABEL,LASTMODIFIED_BY,LASTMODIFIED_DATE,XLATGROUP_ID,THE_STATUS,LASTMODIFICATION) VALUES ('1000000003120','Northern Ireland', 'SYSTEM', CURRENT_TIMESTAMP, 'COU','A','A');
INSERT INTO MYALUMNI_SYSTEM_LOOKUP_TBL (LOOKUP_ID,THE_LABEL,LASTMODIFIED_BY,LASTMODIFIED_DATE,XLATGROUP_ID,THE_STATUS,LASTMODIFICATION) VALUES ('1000000003121','Norway', 'SYSTEM', CURRENT_TIMESTAMP, 'COU','A','A');
INSERT INTO MYALUMNI_SYSTEM_LOOKUP_TBL (LOOKUP_ID,THE_LABEL,LASTMODIFIED_BY,LASTMODIFIED_DATE,XLATGROUP_ID,THE_STATUS,LASTMODIFICATION) VALUES ('1000000003122','Oman', 'SYSTEM', CURRENT_TIMESTAMP, 'COU','A','A');
INSERT INTO MYALUMNI_SYSTEM_LOOKUP_TBL (LOOKUP_ID,THE_LABEL,LASTMODIFIED_BY,LASTMODIFIED_DATE,XLATGROUP_ID,THE_STATUS,LASTMODIFICATION) VALUES ('1000000003123','Osceola', 'SYSTEM', CURRENT_TIMESTAMP, 'COU','A','A');
INSERT INTO MYALUMNI_SYSTEM_LOOKUP_TBL (LOOKUP_ID,THE_LABEL,LASTMODIFIED_BY,LASTMODIFIED_DATE,XLATGROUP_ID,THE_STATUS,LASTMODIFICATION) VALUES ('1000000003124','Pakistan', 'SYSTEM', CURRENT_TIMESTAMP, 'COU','A','A');
INSERT INTO MYALUMNI_SYSTEM_LOOKUP_TBL (LOOKUP_ID,THE_LABEL,LASTMODIFIED_BY,LASTMODIFIED_DATE,XLATGROUP_ID,THE_STATUS,LASTMODIFICATION) VALUES ('1000000003125','Palestine', 'SYSTEM', CURRENT_TIMESTAMP, 'COU','A','A');
INSERT INTO MYALUMNI_SYSTEM_LOOKUP_TBL (LOOKUP_ID,THE_LABEL,LASTMODIFIED_BY,LASTMODIFIED_DATE,XLATGROUP_ID,THE_STATUS,LASTMODIFICATION) VALUES ('1000000003126','Panama', 'SYSTEM', CURRENT_TIMESTAMP, 'COU','A','A');
INSERT INTO MYALUMNI_SYSTEM_LOOKUP_TBL (LOOKUP_ID,THE_LABEL,LASTMODIFIED_BY,LASTMODIFIED_DATE,XLATGROUP_ID,THE_STATUS,LASTMODIFICATION) VALUES ('1000000003127','Paraguay', 'SYSTEM', CURRENT_TIMESTAMP, 'COU','A','A');
INSERT INTO MYALUMNI_SYSTEM_LOOKUP_TBL (LOOKUP_ID,THE_LABEL,LASTMODIFIED_BY,LASTMODIFIED_DATE,XLATGROUP_ID,THE_STATUS,LASTMODIFICATION) VALUES ('1000000003128','Peru', 'SYSTEM', CURRENT_TIMESTAMP, 'COU','A','A');
INSERT INTO MYALUMNI_SYSTEM_LOOKUP_TBL (LOOKUP_ID,THE_LABEL,LASTMODIFIED_BY,LASTMODIFIED_DATE,XLATGROUP_ID,THE_STATUS,LASTMODIFICATION) VALUES ('1000000003129','Philippines', 'SYSTEM', CURRENT_TIMESTAMP, 'COU','A','A');
INSERT INTO MYALUMNI_SYSTEM_LOOKUP_TBL (LOOKUP_ID,THE_LABEL,LASTMODIFIED_BY,LASTMODIFIED_DATE,XLATGROUP_ID,THE_STATUS,LASTMODIFICATION) VALUES ('1000000003130','Poland', 'SYSTEM', CURRENT_TIMESTAMP, 'COU','A','A');
INSERT INTO MYALUMNI_SYSTEM_LOOKUP_TBL (LOOKUP_ID,THE_LABEL,LASTMODIFIED_BY,LASTMODIFIED_DATE,XLATGROUP_ID,THE_STATUS,LASTMODIFICATION) VALUES ('1000000003131','Portugal', 'SYSTEM', CURRENT_TIMESTAMP, 'COU','A','A');
INSERT INTO MYALUMNI_SYSTEM_LOOKUP_TBL (LOOKUP_ID,THE_LABEL,LASTMODIFIED_BY,LASTMODIFIED_DATE,XLATGROUP_ID,THE_STATUS,LASTMODIFICATION) VALUES ('1000000003132','Puerto', 'SYSTEM', CURRENT_TIMESTAMP, 'COU','A','A');
INSERT INTO MYALUMNI_SYSTEM_LOOKUP_TBL (LOOKUP_ID,THE_LABEL,LASTMODIFIED_BY,LASTMODIFIED_DATE,XLATGROUP_ID,THE_STATUS,LASTMODIFICATION) VALUES ('1000000003133','Qatar', 'SYSTEM', CURRENT_TIMESTAMP, 'COU','A','A');
INSERT INTO MYALUMNI_SYSTEM_LOOKUP_TBL (LOOKUP_ID,THE_LABEL,LASTMODIFIED_BY,LASTMODIFIED_DATE,XLATGROUP_ID,THE_STATUS,LASTMODIFICATION) VALUES ('1000000003134','Republic of Macedonia', 'SYSTEM', CURRENT_TIMESTAMP, 'COU','A','A');
INSERT INTO MYALUMNI_SYSTEM_LOOKUP_TBL (LOOKUP_ID,THE_LABEL,LASTMODIFIED_BY,LASTMODIFIED_DATE,XLATGROUP_ID,THE_STATUS,LASTMODIFICATION) VALUES ('1000000003135','Republic of Moldova', 'SYSTEM', CURRENT_TIMESTAMP, 'COU','A','A');
INSERT INTO MYALUMNI_SYSTEM_LOOKUP_TBL (LOOKUP_ID,THE_LABEL,LASTMODIFIED_BY,LASTMODIFIED_DATE,XLATGROUP_ID,THE_STATUS,LASTMODIFICATION) VALUES ('1000000003136','Romania', 'SYSTEM', CURRENT_TIMESTAMP, 'COU','A','A');
INSERT INTO MYALUMNI_SYSTEM_LOOKUP_TBL (LOOKUP_ID,THE_LABEL,LASTMODIFIED_BY,LASTMODIFIED_DATE,XLATGROUP_ID,THE_STATUS,LASTMODIFICATION) VALUES ('1000000003137','Russia', 'SYSTEM', CURRENT_TIMESTAMP, 'COU','A','A');
INSERT INTO MYALUMNI_SYSTEM_LOOKUP_TBL (LOOKUP_ID,THE_LABEL,LASTMODIFIED_BY,LASTMODIFIED_DATE,XLATGROUP_ID,THE_STATUS,LASTMODIFICATION) VALUES ('1000000003138','Saipan', 'SYSTEM', CURRENT_TIMESTAMP, 'COU','A','A');
INSERT INTO MYALUMNI_SYSTEM_LOOKUP_TBL (LOOKUP_ID,THE_LABEL,LASTMODIFIED_BY,LASTMODIFIED_DATE,XLATGROUP_ID,THE_STATUS,LASTMODIFICATION) VALUES ('1000000003139','Saudi Arabia', 'SYSTEM', CURRENT_TIMESTAMP, 'COU','A','A');
INSERT INTO MYALUMNI_SYSTEM_LOOKUP_TBL (LOOKUP_ID,THE_LABEL,LASTMODIFIED_BY,LASTMODIFIED_DATE,XLATGROUP_ID,THE_STATUS,LASTMODIFICATION) VALUES ('1000000003140','Scotland', 'SYSTEM', CURRENT_TIMESTAMP, 'COU','A','A');
INSERT INTO MYALUMNI_SYSTEM_LOOKUP_TBL (LOOKUP_ID,THE_LABEL,LASTMODIFIED_BY,LASTMODIFIED_DATE,XLATGROUP_ID,THE_STATUS,LASTMODIFICATION) VALUES ('1000000003141','Serbia', 'SYSTEM', CURRENT_TIMESTAMP, 'COU','A','A');
INSERT INTO MYALUMNI_SYSTEM_LOOKUP_TBL (LOOKUP_ID,THE_LABEL,LASTMODIFIED_BY,LASTMODIFIED_DATE,XLATGROUP_ID,THE_STATUS,LASTMODIFICATION) VALUES ('1000000003142','Singapore', 'SYSTEM', CURRENT_TIMESTAMP, 'COU','A','A');
INSERT INTO MYALUMNI_SYSTEM_LOOKUP_TBL (LOOKUP_ID,THE_LABEL,LASTMODIFIED_BY,LASTMODIFIED_DATE,XLATGROUP_ID,THE_STATUS,LASTMODIFICATION) VALUES ('1000000003143','Slovakia', 'SYSTEM', CURRENT_TIMESTAMP, 'COU','A','A');
INSERT INTO MYALUMNI_SYSTEM_LOOKUP_TBL (LOOKUP_ID,THE_LABEL,LASTMODIFIED_BY,LASTMODIFIED_DATE,XLATGROUP_ID,THE_STATUS,LASTMODIFICATION) VALUES ('1000000003144','Slovenia', 'SYSTEM', CURRENT_TIMESTAMP, 'COU','A','A');
INSERT INTO MYALUMNI_SYSTEM_LOOKUP_TBL (LOOKUP_ID,THE_LABEL,LASTMODIFIED_BY,LASTMODIFIED_DATE,XLATGROUP_ID,THE_STATUS,LASTMODIFICATION) VALUES ('1000000003145','Somerset', 'SYSTEM', CURRENT_TIMESTAMP, 'COU','A','A');
INSERT INTO MYALUMNI_SYSTEM_LOOKUP_TBL (LOOKUP_ID,THE_LABEL,LASTMODIFIED_BY,LASTMODIFIED_DATE,XLATGROUP_ID,THE_STATUS,LASTMODIFICATION) VALUES ('1000000003146','South Africa', 'SYSTEM', CURRENT_TIMESTAMP, 'COU','A','A');
INSERT INTO MYALUMNI_SYSTEM_LOOKUP_TBL (LOOKUP_ID,THE_LABEL,LASTMODIFIED_BY,LASTMODIFIED_DATE,XLATGROUP_ID,THE_STATUS,LASTMODIFICATION) VALUES ('1000000003147','South Korea', 'SYSTEM', CURRENT_TIMESTAMP, 'COU','A','A');
INSERT INTO MYALUMNI_SYSTEM_LOOKUP_TBL (LOOKUP_ID,THE_LABEL,LASTMODIFIED_BY,LASTMODIFIED_DATE,XLATGROUP_ID,THE_STATUS,LASTMODIFICATION) VALUES ('1000000003148','Spain', 'SYSTEM', CURRENT_TIMESTAMP, 'COU','A','A');
INSERT INTO MYALUMNI_SYSTEM_LOOKUP_TBL (LOOKUP_ID,THE_LABEL,LASTMODIFIED_BY,LASTMODIFIED_DATE,XLATGROUP_ID,THE_STATUS,LASTMODIFICATION) VALUES ('1000000003149','Sri Lanka', 'SYSTEM', CURRENT_TIMESTAMP, 'COU','A','A');
INSERT INTO MYALUMNI_SYSTEM_LOOKUP_TBL (LOOKUP_ID,THE_LABEL,LASTMODIFIED_BY,LASTMODIFIED_DATE,XLATGROUP_ID,THE_STATUS,LASTMODIFICATION) VALUES ('1000000003150','Sultanate of Oman', 'SYSTEM', CURRENT_TIMESTAMP, 'COU','A','A');
INSERT INTO MYALUMNI_SYSTEM_LOOKUP_TBL (LOOKUP_ID,THE_LABEL,LASTMODIFIED_BY,LASTMODIFIED_DATE,XLATGROUP_ID,THE_STATUS,LASTMODIFICATION) VALUES ('1000000003151','Suriname', 'SYSTEM', CURRENT_TIMESTAMP, 'COU','A','A');
INSERT INTO MYALUMNI_SYSTEM_LOOKUP_TBL (LOOKUP_ID,THE_LABEL,LASTMODIFIED_BY,LASTMODIFIED_DATE,XLATGROUP_ID,THE_STATUS,LASTMODIFICATION) VALUES ('1000000003152','Sweden', 'SYSTEM', CURRENT_TIMESTAMP, 'COU','A','A');
INSERT INTO MYALUMNI_SYSTEM_LOOKUP_TBL (LOOKUP_ID,THE_LABEL,LASTMODIFIED_BY,LASTMODIFIED_DATE,XLATGROUP_ID,THE_STATUS,LASTMODIFICATION) VALUES ('1000000003153','Switzerland', 'SYSTEM', CURRENT_TIMESTAMP, 'COU','A','A');
INSERT INTO MYALUMNI_SYSTEM_LOOKUP_TBL (LOOKUP_ID,THE_LABEL,LASTMODIFIED_BY,LASTMODIFIED_DATE,XLATGROUP_ID,THE_STATUS,LASTMODIFICATION) VALUES ('1000000003154','Syria', 'SYSTEM', CURRENT_TIMESTAMP, 'COU','A','A');
INSERT INTO MYALUMNI_SYSTEM_LOOKUP_TBL (LOOKUP_ID,THE_LABEL,LASTMODIFIED_BY,LASTMODIFIED_DATE,XLATGROUP_ID,THE_STATUS,LASTMODIFICATION) VALUES ('1000000003155','Taiwan', 'SYSTEM', CURRENT_TIMESTAMP, 'COU','A','A');
INSERT INTO MYALUMNI_SYSTEM_LOOKUP_TBL (LOOKUP_ID,THE_LABEL,LASTMODIFIED_BY,LASTMODIFIED_DATE,XLATGROUP_ID,THE_STATUS,LASTMODIFICATION) VALUES ('1000000003156','Tanzania', 'SYSTEM', CURRENT_TIMESTAMP, 'COU','A','A');
INSERT INTO MYALUMNI_SYSTEM_LOOKUP_TBL (LOOKUP_ID,THE_LABEL,LASTMODIFIED_BY,LASTMODIFIED_DATE,XLATGROUP_ID,THE_STATUS,LASTMODIFICATION) VALUES ('1000000003157','Thailand', 'SYSTEM', CURRENT_TIMESTAMP, 'COU','A','A');
INSERT INTO MYALUMNI_SYSTEM_LOOKUP_TBL (LOOKUP_ID,THE_LABEL,LASTMODIFIED_BY,LASTMODIFIED_DATE,XLATGROUP_ID,THE_STATUS,LASTMODIFICATION) VALUES ('1000000003158','Trinidad &amp; Tobago', 'SYSTEM', CURRENT_TIMESTAMP, 'COU','A','A');
INSERT INTO MYALUMNI_SYSTEM_LOOKUP_TBL (LOOKUP_ID,THE_LABEL,LASTMODIFIED_BY,LASTMODIFIED_DATE,XLATGROUP_ID,THE_STATUS,LASTMODIFICATION) VALUES ('1000000003159','Tunisia', 'SYSTEM', CURRENT_TIMESTAMP, 'COU','A','A');
INSERT INTO MYALUMNI_SYSTEM_LOOKUP_TBL (LOOKUP_ID,THE_LABEL,LASTMODIFIED_BY,LASTMODIFIED_DATE,XLATGROUP_ID,THE_STATUS,LASTMODIFICATION) VALUES ('1000000003160','Turkey', 'SYSTEM', CURRENT_TIMESTAMP, 'COU','A','A');
INSERT INTO MYALUMNI_SYSTEM_LOOKUP_TBL (LOOKUP_ID,THE_LABEL,LASTMODIFIED_BY,LASTMODIFIED_DATE,XLATGROUP_ID,THE_STATUS,LASTMODIFICATION) VALUES ('1000000003161','Uganda', 'SYSTEM', CURRENT_TIMESTAMP, 'COU','A','A');
INSERT INTO MYALUMNI_SYSTEM_LOOKUP_TBL (LOOKUP_ID,THE_LABEL,LASTMODIFIED_BY,LASTMODIFIED_DATE,XLATGROUP_ID,THE_STATUS,LASTMODIFICATION) VALUES ('1000000003162','Ukraine', 'SYSTEM', CURRENT_TIMESTAMP, 'COU','A','A');
INSERT INTO MYALUMNI_SYSTEM_LOOKUP_TBL (LOOKUP_ID,THE_LABEL,LASTMODIFIED_BY,LASTMODIFIED_DATE,XLATGROUP_ID,THE_STATUS,LASTMODIFICATION) VALUES ('1000000003163','United Arab Emirates', 'SYSTEM', CURRENT_TIMESTAMP, 'COU','A','A');
INSERT INTO MYALUMNI_SYSTEM_LOOKUP_TBL (LOOKUP_ID,THE_LABEL,LASTMODIFIED_BY,LASTMODIFIED_DATE,XLATGROUP_ID,THE_STATUS,LASTMODIFICATION) VALUES ('1000000003164','Uruguay', 'SYSTEM', CURRENT_TIMESTAMP, 'COU','A','A');
INSERT INTO MYALUMNI_SYSTEM_LOOKUP_TBL (LOOKUP_ID,THE_LABEL,LASTMODIFIED_BY,LASTMODIFIED_DATE,XLATGROUP_ID,THE_STATUS,LASTMODIFICATION) VALUES ('1000000003165','Uzbekistan', 'SYSTEM', CURRENT_TIMESTAMP, 'COU','A','A');
INSERT INTO MYALUMNI_SYSTEM_LOOKUP_TBL (LOOKUP_ID,THE_LABEL,LASTMODIFIED_BY,LASTMODIFIED_DATE,XLATGROUP_ID,THE_STATUS,LASTMODIFICATION) VALUES ('1000000003166','Venezuela', 'SYSTEM', CURRENT_TIMESTAMP, 'COU','A','A');
INSERT INTO MYALUMNI_SYSTEM_LOOKUP_TBL (LOOKUP_ID,THE_LABEL,LASTMODIFIED_BY,LASTMODIFIED_DATE,XLATGROUP_ID,THE_STATUS,LASTMODIFICATION) VALUES ('1000000003167','Vietnam', 'SYSTEM', CURRENT_TIMESTAMP, 'COU','A','A');
INSERT INTO MYALUMNI_SYSTEM_LOOKUP_TBL (LOOKUP_ID,THE_LABEL,LASTMODIFIED_BY,LASTMODIFIED_DATE,XLATGROUP_ID,THE_STATUS,LASTMODIFICATION) VALUES ('1000000003168','Vinland', 'SYSTEM', CURRENT_TIMESTAMP, 'COU','A','A');
INSERT INTO MYALUMNI_SYSTEM_LOOKUP_TBL (LOOKUP_ID,THE_LABEL,LASTMODIFIED_BY,LASTMODIFIED_DATE,XLATGROUP_ID,THE_STATUS,LASTMODIFICATION) VALUES ('1000000003169','Wales', 'SYSTEM', CURRENT_TIMESTAMP, 'COU','A','A');
INSERT INTO MYALUMNI_SYSTEM_LOOKUP_TBL (LOOKUP_ID,THE_LABEL,LASTMODIFIED_BY,LASTMODIFIED_DATE,XLATGROUP_ID,THE_STATUS,LASTMODIFICATION) VALUES ('1000000003170','West Indies', 'SYSTEM', CURRENT_TIMESTAMP, 'COU','A','A');
INSERT INTO MYALUMNI_SYSTEM_LOOKUP_TBL (LOOKUP_ID,THE_LABEL,LASTMODIFIED_BY,LASTMODIFIED_DATE,XLATGROUP_ID,THE_STATUS,LASTMODIFICATION) VALUES ('1000000003171','Yakutia', 'SYSTEM', CURRENT_TIMESTAMP, 'COU','A','A');
INSERT INTO MYALUMNI_SYSTEM_LOOKUP_TBL (LOOKUP_ID,THE_LABEL,LASTMODIFIED_BY,LASTMODIFIED_DATE,XLATGROUP_ID,THE_STATUS,LASTMODIFICATION) VALUES ('1000000003172','Yugoslavia', 'SYSTEM', CURRENT_TIMESTAMP, 'COU','A','A');
INSERT INTO MYALUMNI_SYSTEM_LOOKUP_TBL (LOOKUP_ID,THE_LABEL,LASTMODIFIED_BY,LASTMODIFIED_DATE,XLATGROUP_ID,THE_STATUS,LASTMODIFICATION) VALUES ('1000000003173','Zaire', 'SYSTEM', CURRENT_TIMESTAMP, 'COU','A','A');
INSERT INTO MYALUMNI_SYSTEM_LOOKUP_TBL (LOOKUP_ID,THE_LABEL,LASTMODIFIED_BY,LASTMODIFIED_DATE,XLATGROUP_ID,THE_STATUS,LASTMODIFICATION) VALUES ('1000000003999','-UNKNOWN-', 'SYSTEM', CURRENT_TIMESTAMP, 'COU','A','A');



--
-- TITLES LOOKUP
--
INSERT INTO MYALUMNI_SYSTEM_LOOKUP_TBL (LOOKUP_ID,THE_LABEL,LASTMODIFIED_BY,LASTMODIFIED_DATE,XLATGROUP_ID,THE_STATUS,LASTMODIFICATION) VALUES ('1000000004001', 'Mr', 'SYSTEM', CURRENT_TIMESTAMP, 'TIT','A','A');
INSERT INTO MYALUMNI_SYSTEM_LOOKUP_TBL (LOOKUP_ID,THE_LABEL,LASTMODIFIED_BY,LASTMODIFIED_DATE,XLATGROUP_ID,THE_STATUS,LASTMODIFICATION) VALUES ('1000000004002', 'Mrs', 'SYSTEM', CURRENT_TIMESTAMP, 'TIT','A','A');
INSERT INTO MYALUMNI_SYSTEM_LOOKUP_TBL (LOOKUP_ID,THE_LABEL,LASTMODIFIED_BY,LASTMODIFIED_DATE,XLATGROUP_ID,THE_STATUS,LASTMODIFICATION) VALUES ('1000000004003', 'Miss', 'SYSTEM', CURRENT_TIMESTAMP, 'TIT','A','A');
INSERT INTO MYALUMNI_SYSTEM_LOOKUP_TBL (LOOKUP_ID,THE_LABEL,LASTMODIFIED_BY,LASTMODIFIED_DATE,XLATGROUP_ID,THE_STATUS,LASTMODIFICATION) VALUES ('1000000004004', 'Mister', 'SYSTEM', CURRENT_TIMESTAMP, 'TIT','A','A');
INSERT INTO MYALUMNI_SYSTEM_LOOKUP_TBL (LOOKUP_ID,THE_LABEL,LASTMODIFIED_BY,LASTMODIFIED_DATE,XLATGROUP_ID,THE_STATUS,LASTMODIFICATION) VALUES ('1000000004005', 'Engr', 'SYSTEM', CURRENT_TIMESTAMP, 'TIT','A','A');
INSERT INTO MYALUMNI_SYSTEM_LOOKUP_TBL (LOOKUP_ID,THE_LABEL,LASTMODIFIED_BY,LASTMODIFIED_DATE,XLATGROUP_ID,THE_STATUS,LASTMODIFICATION) VALUES ('1000000004006', 'Dr', 'SYSTEM', CURRENT_TIMESTAMP, 'TIT','A','A');
INSERT INTO MYALUMNI_SYSTEM_LOOKUP_TBL (LOOKUP_ID,THE_LABEL,LASTMODIFIED_BY,LASTMODIFIED_DATE,XLATGROUP_ID,THE_STATUS,LASTMODIFICATION) VALUES ('1000000004999', '-UNKNOWN-', 'SYSTEM', CURRENT_TIMESTAMP, 'TIT','A','A');




--
-- DORMIROTY LOOKUP
--
INSERT INTO MYALUMNI_SYSTEM_LOOKUP_TBL (LOOKUP_ID,THE_LABEL,LASTMODIFIED_BY,LASTMODIFIED_DATE,XLATGROUP_ID,THE_STATUS,LASTMODIFICATION) VALUES ('1000000005001', 'Red', 'SYSTEM', CURRENT_TIMESTAMP, 'DOM','A','A');
INSERT INTO MYALUMNI_SYSTEM_LOOKUP_TBL (LOOKUP_ID,THE_LABEL,LASTMODIFIED_BY,LASTMODIFIED_DATE,XLATGROUP_ID,THE_STATUS,LASTMODIFICATION) VALUES ('1000000005002', 'Green', 'SYSTEM', CURRENT_TIMESTAMP, 'DOM','A','A');
INSERT INTO MYALUMNI_SYSTEM_LOOKUP_TBL (LOOKUP_ID,THE_LABEL,LASTMODIFIED_BY,LASTMODIFIED_DATE,XLATGROUP_ID,THE_STATUS,LASTMODIFICATION) VALUES ('1000000005003', 'Blue', 'SYSTEM', CURRENT_TIMESTAMP, 'DOM','A','A');
INSERT INTO MYALUMNI_SYSTEM_LOOKUP_TBL (LOOKUP_ID,THE_LABEL,LASTMODIFIED_BY,LASTMODIFIED_DATE,XLATGROUP_ID,THE_STATUS,LASTMODIFICATION) VALUES ('1000000005004', 'Yellow', 'SYSTEM', CURRENT_TIMESTAMP, 'DOM','A','A');
INSERT INTO MYALUMNI_SYSTEM_LOOKUP_TBL (LOOKUP_ID,THE_LABEL,LASTMODIFIED_BY,LASTMODIFIED_DATE,XLATGROUP_ID,THE_STATUS,LASTMODIFICATION) VALUES ('1000000005005', 'Day Student', 'SYSTEM', CURRENT_TIMESTAMP, 'DOM','A','A');
INSERT INTO MYALUMNI_SYSTEM_LOOKUP_TBL (LOOKUP_ID,THE_LABEL,LASTMODIFIED_BY,LASTMODIFIED_DATE,XLATGROUP_ID,THE_STATUS,LASTMODIFICATION) VALUES ('1000000005006', 'Owena - Yellow', 'SYSTEM', CURRENT_TIMESTAMP, 'DOM','A','A');
INSERT INTO MYALUMNI_SYSTEM_LOOKUP_TBL (LOOKUP_ID,THE_LABEL,LASTMODIFIED_BY,LASTMODIFIED_DATE,XLATGROUP_ID,THE_STATUS,LASTMODIFICATION) VALUES ('1000000005007', 'Benue - Red', 'SYSTEM', CURRENT_TIMESTAMP, 'DOM','A','A');
INSERT INTO MYALUMNI_SYSTEM_LOOKUP_TBL (LOOKUP_ID,THE_LABEL,LASTMODIFIED_BY,LASTMODIFIED_DATE,XLATGROUP_ID,THE_STATUS,LASTMODIFICATION) VALUES ('1000000005008', 'Niger - Red', 'SYSTEM', CURRENT_TIMESTAMP, 'DOM','A','A');
INSERT INTO MYALUMNI_SYSTEM_LOOKUP_TBL (LOOKUP_ID,THE_LABEL,LASTMODIFIED_BY,LASTMODIFIED_DATE,XLATGROUP_ID,THE_STATUS,LASTMODIFICATION) VALUES ('1000000005009', 'Alani - Green', 'SYSTEM', CURRENT_TIMESTAMP, 'DOM','A','A');
INSERT INTO MYALUMNI_SYSTEM_LOOKUP_TBL (LOOKUP_ID,THE_LABEL,LASTMODIFIED_BY,LASTMODIFIED_DATE,XLATGROUP_ID,THE_STATUS,LASTMODIFICATION) VALUES ('1000000005010', 'Osun - Green', 'SYSTEM', CURRENT_TIMESTAMP, 'DOM','A','A');
INSERT INTO MYALUMNI_SYSTEM_LOOKUP_TBL (LOOKUP_ID,THE_LABEL,LASTMODIFIED_BY,LASTMODIFIED_DATE,XLATGROUP_ID,THE_STATUS,LASTMODIFICATION) VALUES ('1000000005011', 'Adeyinka - Blue', 'SYSTEM', CURRENT_TIMESTAMP, 'DOM','A','A');
INSERT INTO MYALUMNI_SYSTEM_LOOKUP_TBL (LOOKUP_ID,THE_LABEL,LASTMODIFIED_BY,LASTMODIFIED_DATE,XLATGROUP_ID,THE_STATUS,LASTMODIFICATION) VALUES ('1000000005012', 'Hadeja - Blue', 'SYSTEM', CURRENT_TIMESTAMP, 'DOM','A','A');
INSERT INTO MYALUMNI_SYSTEM_LOOKUP_TBL (LOOKUP_ID,THE_LABEL,LASTMODIFIED_BY,LASTMODIFIED_DATE,XLATGROUP_ID,THE_STATUS,LASTMODIFICATION) VALUES ('1000000005999', '-UNKNOWN-', 'SYSTEM', CURRENT_TIMESTAMP, 'DOM','A','A');


--
-- INSTANT MESSENGERS LOOKUP
--
INSERT INTO MYALUMNI_SYSTEM_LOOKUP_TBL (LOOKUP_ID,THE_LABEL,LASTMODIFIED_BY,LASTMODIFIED_DATE,XLATGROUP_ID,THE_STATUS,LASTMODIFICATION) VALUES ('1000000006001', 'Yahoo', 'SYSTEM', CURRENT_TIMESTAMP, 'IMS','A','A');
INSERT INTO MYALUMNI_SYSTEM_LOOKUP_TBL (LOOKUP_ID,THE_LABEL,LASTMODIFIED_BY,LASTMODIFIED_DATE,XLATGROUP_ID,THE_STATUS,LASTMODIFICATION) VALUES ('1000000006002', 'MSN', 'SYSTEM', CURRENT_TIMESTAMP, 'IMS','A','A');
INSERT INTO MYALUMNI_SYSTEM_LOOKUP_TBL (LOOKUP_ID,THE_LABEL,LASTMODIFIED_BY,LASTMODIFIED_DATE,XLATGROUP_ID,THE_STATUS,LASTMODIFICATION) VALUES ('1000000006003', 'ICQ', 'SYSTEM', CURRENT_TIMESTAMP, 'IMS','A','A');
INSERT INTO MYALUMNI_SYSTEM_LOOKUP_TBL (LOOKUP_ID,THE_LABEL,LASTMODIFIED_BY,LASTMODIFIED_DATE,XLATGROUP_ID,THE_STATUS,LASTMODIFICATION) VALUES ('1000000006004', 'Google Talk', 'SYSTEM', CURRENT_TIMESTAMP, 'IMS','A','A');
INSERT INTO MYALUMNI_SYSTEM_LOOKUP_TBL (LOOKUP_ID,THE_LABEL,LASTMODIFIED_BY,LASTMODIFIED_DATE,XLATGROUP_ID,THE_STATUS,LASTMODIFICATION) VALUES ('1000000006005', 'AIM', 'SYSTEM', CURRENT_TIMESTAMP, 'IMS','A','A');
INSERT INTO MYALUMNI_SYSTEM_LOOKUP_TBL (LOOKUP_ID,THE_LABEL,LASTMODIFIED_BY,LASTMODIFIED_DATE,XLATGROUP_ID,THE_STATUS,LASTMODIFICATION) VALUES ('1000000006006', 'Skype', 'SYSTEM', CURRENT_TIMESTAMP, 'IMS','A','A');
INSERT INTO MYALUMNI_SYSTEM_LOOKUP_TBL (LOOKUP_ID,THE_LABEL,LASTMODIFIED_BY,LASTMODIFIED_DATE,XLATGROUP_ID,THE_STATUS,LASTMODIFICATION) VALUES ('1000000006007', 'iChat', 'SYSTEM', CURRENT_TIMESTAMP, 'IMS','A','A');
INSERT INTO MYALUMNI_SYSTEM_LOOKUP_TBL (LOOKUP_ID,THE_LABEL,LASTMODIFIED_BY,LASTMODIFIED_DATE,XLATGROUP_ID,THE_STATUS,LASTMODIFICATION) VALUES ('1000000006008', 'MySpaceIM', 'SYSTEM', CURRENT_TIMESTAMP, 'IMS','A','A');



--
-- MESSAGE FOLDER
--
INSERT INTO MYALUMNI_MESSAGE_FOLDER_TBL (MESSAGE_FOLDER_ID,MEMBER_ID,FOLDER_NAME,FOLDER_ORDER,FOLDER_CREATION_DATE,FOLDER_MODIFICATION_DATE,LASTMODIFICATION,LASTMODIFIED_BY,LASTMODIFIED_DATE) VALUES ('100000000001','999999999999999999999999999999','Inbox',1,CURRENT_TIMESTAMP,CURRENT_TIMESTAMP,'A','SYSTEM',CURRENT_TIMESTAMP);
INSERT INTO MYALUMNI_MESSAGE_FOLDER_TBL (MESSAGE_FOLDER_ID,MEMBER_ID,FOLDER_NAME,FOLDER_ORDER,FOLDER_CREATION_DATE,FOLDER_MODIFICATION_DATE,LASTMODIFICATION,LASTMODIFIED_BY,LASTMODIFIED_DATE) VALUES ('100000000002','999999999999999999999999999999','Sent',2,CURRENT_TIMESTAMP,CURRENT_TIMESTAMP,'A','SYSTEM',CURRENT_TIMESTAMP);
INSERT INTO MYALUMNI_MESSAGE_FOLDER_TBL (MESSAGE_FOLDER_ID,MEMBER_ID,FOLDER_NAME,FOLDER_ORDER,FOLDER_CREATION_DATE,FOLDER_MODIFICATION_DATE,LASTMODIFICATION,LASTMODIFIED_BY,LASTMODIFIED_DATE) VALUES ('100000000003','999999999999999999999999999999','Trash',3,CURRENT_TIMESTAMP,CURRENT_TIMESTAMP,'A','SYSTEM',CURRENT_TIMESTAMP);
INSERT INTO MYALUMNI_MESSAGE_FOLDER_TBL (MESSAGE_FOLDER_ID,MEMBER_ID,FOLDER_NAME,FOLDER_ORDER,FOLDER_CREATION_DATE,FOLDER_MODIFICATION_DATE,LASTMODIFICATION,LASTMODIFIED_BY,LASTMODIFIED_DATE) VALUES ('100000000004','999999999999999999999999999999','Storage',4,CURRENT_TIMESTAMP,CURRENT_TIMESTAMP,'A','SYSTEM',CURRENT_TIMESTAMP);


--
-- REMINISCE
--
INSERT INTO MYALUMNI_REMINISCE_TBL (REMINISCE_ID,FROM_YEAR,TO_YEAR,SLANG,PRONOUNCE,MEANING,AUTHOR_ID,REMINISCE_STATUS,LASTMODIFICATION,LASTMODIFIED_BY,LASTMODIFIED_DATE) VALUES ('1','1998','','G4','G4','Garri made from cassava','999999999999999999999999999999','A','A','sysadmin',CURRENT_TIMESTAMP);
INSERT INTO MYALUMNI_REMINISCE_TBL (REMINISCE_ID,FROM_YEAR,TO_YEAR,SLANG,PRONOUNCE,MEANING,AUTHOR_ID,REMINISCE_STATUS,LASTMODIFICATION,LASTMODIFIED_BY,LASTMODIFIED_DATE) VALUES ('2','1998','','G4H2O','G4H2O','Sour garri water which is believe to relief one of tiredness','999999999999999999999999999999','A','A','sysadmin',CURRENT_TIMESTAMP);
INSERT INTO MYALUMNI_REMINISCE_TBL (REMINISCE_ID,FROM_YEAR,TO_YEAR,SLANG,PRONOUNCE,MEANING,AUTHOR_ID,REMINISCE_STATUS,LASTMODIFICATION,LASTMODIFIED_BY,LASTMODIFIED_DATE) VALUES ('3','1992','1997','mu-bunk','mu-bunk',' 	When you have offended a senior, he then tells you to climb the bunk which is the bed and then he gives you the beaten of your life','999999999999999999999999999999','A','A','sysadmin',CURRENT_TIMESTAMP);
INSERT INTO MYALUMNI_REMINISCE_TBL (REMINISCE_ID,FROM_YEAR,TO_YEAR,SLANG,PRONOUNCE,MEANING,AUTHOR_ID,REMINISCE_STATUS,LASTMODIFICATION,LASTMODIFIED_BY,LASTMODIFIED_DATE) VALUES ('4','1998','','lovers avenue','LA','THE ROAD BETWEEN THE ENTRANCE OF THE NEWLY BUILT GIRLS HOSTEL AND THE DINNING HALL, WERE LOVER MEET EVERY NIGTH','999999999999999999999999999999','A','A','sysadmin',CURRENT_TIMESTAMP);
INSERT INTO MYALUMNI_REMINISCE_TBL (REMINISCE_ID,FROM_YEAR,TO_YEAR,SLANG,PRONOUNCE,MEANING,AUTHOR_ID,REMINISCE_STATUS,LASTMODIFICATION,LASTMODIFIED_BY,LASTMODIFIED_DATE) VALUES ('5','1988','2000','Soak and Travel','Soak and Travel','Very little gari soaked in plenty of water (usually early in the morning before going for classes and left to rise to the brim till after classes in the afternoon). An act usually practised when all other provisions are exhausted and the quantity of gari left is already endangered','999999999999999999999999999999','A','A','sysadmin',CURRENT_TIMESTAMP);
INSERT INTO MYALUMNI_REMINISCE_TBL (REMINISCE_ID,FROM_YEAR,TO_YEAR,SLANG,PRONOUNCE,MEANING,AUTHOR_ID,REMINISCE_STATUS,LASTMODIFICATION,LASTMODIFIED_BY,LASTMODIFIED_DATE) VALUES ('6','','','Wudemi','Wu-de-mi','Soak and travel as in Garium Sulphate.','999999999999999999999999999999','A','A','sysadmin',CURRENT_TIMESTAMP);
INSERT INTO MYALUMNI_REMINISCE_TBL (REMINISCE_ID,FROM_YEAR,TO_YEAR,SLANG,PRONOUNCE,MEANING,AUTHOR_ID,REMINISCE_STATUS,LASTMODIFICATION,LASTMODIFIED_BY,LASTMODIFIED_DATE) VALUES ('7','1979','1986','cockroach','cockroach...of course with a yoruba accent for effect (korkooroach)','to read at night with a torchlight...lantern and god knows what.....popular during exam and WAEC periods','999999999999999999999999999999','A','A','sysadmin',CURRENT_TIMESTAMP);
INSERT INTO MYALUMNI_REMINISCE_TBL (REMINISCE_ID,FROM_YEAR,TO_YEAR,SLANG,PRONOUNCE,MEANING,AUTHOR_ID,REMINISCE_STATUS,LASTMODIFICATION,LASTMODIFIED_BY,LASTMODIFIED_DATE) VALUES ('8','1990','2001','Tia u heading','TEAR-YOU-HEADING','Simply means that you are about to recieve a migrane alert. Some thug is about to smash your head using his own head(coconut in shape)','999999999999999999999999999999','A','A','sysadmin',CURRENT_TIMESTAMP);
INSERT INTO MYALUMNI_REMINISCE_TBL (REMINISCE_ID,FROM_YEAR,TO_YEAR,SLANG,PRONOUNCE,MEANING,AUTHOR_ID,REMINISCE_STATUS,LASTMODIFICATION,LASTMODIFIED_BY,LASTMODIFIED_DATE) VALUES ('9','1993','1997','ojo yoo','o-jo-yoooooooooooo','vigilante`s(master)are around!','999999999999999999999999999999','A','A','sysadmin',CURRENT_TIMESTAMP);
INSERT INTO MYALUMNI_REMINISCE_TBL (REMINISCE_ID,FROM_YEAR,TO_YEAR,SLANG,PRONOUNCE,MEANING,AUTHOR_ID,REMINISCE_STATUS,LASTMODIFICATION,LASTMODIFIED_BY,LASTMODIFIED_DATE) VALUES ('10','1991','1996','mc jafextra','mc ja-fe-stra','Students who struggle for reminants in the dinning hall','999999999999999999999999999999','A','A','sysadmin',CURRENT_TIMESTAMP);
INSERT INTO MYALUMNI_REMINISCE_TBL (REMINISCE_ID,FROM_YEAR,TO_YEAR,SLANG,PRONOUNCE,MEANING,AUTHOR_ID,REMINISCE_STATUS,LASTMODIFICATION,LASTMODIFIED_BY,LASTMODIFIED_DATE) VALUES ('11','1988','1993','Hot iron','hot ayooon','Term used by seniors to disperse the locker rooms when crowded at night especially after night prep. When you hear hot iron, you do not want to be burnt so you run for cover.','999999999999999999999999999999','A','A','sysadmin',CURRENT_TIMESTAMP);
INSERT INTO MYALUMNI_REMINISCE_TBL (REMINISCE_ID,FROM_YEAR,TO_YEAR,SLANG,PRONOUNCE,MEANING,AUTHOR_ID,REMINISCE_STATUS,LASTMODIFICATION,LASTMODIFIED_BY,LASTMODIFIED_DATE) VALUES ('12','','','Papo','pap-po','Someone who likes pap with passion sooo much that he will do anything for it....done with rushing attitude especially those days there was no one controlling the dining hall meal periods','999999999999999999999999999999','A','A','sysadmin',CURRENT_TIMESTAMP);
INSERT INTO MYALUMNI_REMINISCE_TBL (REMINISCE_ID,FROM_YEAR,TO_YEAR,SLANG,PRONOUNCE,MEANING,AUTHOR_ID,REMINISCE_STATUS,LASTMODIFICATION,LASTMODIFIED_BY,LASTMODIFIED_DATE) VALUES ('13','','','Lole','LoLay ','Nickname for the master in charge of the boys. Notorious for his expertise with the cane! ','999999999999999999999999999999','A','A','sysadmin',CURRENT_TIMESTAMP);
INSERT INTO MYALUMNI_REMINISCE_TBL (REMINISCE_ID,FROM_YEAR,TO_YEAR,SLANG,PRONOUNCE,MEANING,AUTHOR_ID,REMINISCE_STATUS,LASTMODIFICATION,LASTMODIFIED_BY,LASTMODIFIED_DATE) VALUES ('14','','','moi square','moi-square','bean cakes sold in the admin building, at least while i was there. the process of procuring one was extremely risky as one had to get slip through the principals office without been caught','999999999999999999999999999999','A','A','sysadmin',CURRENT_TIMESTAMP);
INSERT INTO MYALUMNI_REMINISCE_TBL (REMINISCE_ID,FROM_YEAR,TO_YEAR,SLANG,PRONOUNCE,MEANING,AUTHOR_ID,REMINISCE_STATUS,LASTMODIFICATION,LASTMODIFIED_BY,LASTMODIFIED_DATE) VALUES ('15','','','luxi don land','luxi-don-land','the luxurious buses that took students home on the last day of school had arrived. after a hard semester, students pant for and herald these buses. not all students rode however, mostly lower class students who lived in Lagos','999999999999999999999999999999','A','A','sysadmin',CURRENT_TIMESTAMP);
INSERT INTO MYALUMNI_REMINISCE_TBL (REMINISCE_ID,FROM_YEAR,TO_YEAR,SLANG,PRONOUNCE,MEANING,AUTHOR_ID,REMINISCE_STATUS,LASTMODIFICATION,LASTMODIFIED_BY,LASTMODIFIED_DATE) VALUES ('16','','','bang & blast ','bang & blast ','do poorly/excellently on a test respectively ','999999999999999999999999999999','A','A','sysadmin',CURRENT_TIMESTAMP);
INSERT INTO MYALUMNI_REMINISCE_TBL (REMINISCE_ID,FROM_YEAR,TO_YEAR,SLANG,PRONOUNCE,MEANING,AUTHOR_ID,REMINISCE_STATUS,LASTMODIFICATION,LASTMODIFIED_BY,LASTMODIFIED_DATE) VALUES ('17','','','concusion','con-co-tion ','mixing all your provisions when in dire need','999999999999999999999999999999','A','A','sysadmin',CURRENT_TIMESTAMP);
INSERT INTO MYALUMNI_REMINISCE_TBL (REMINISCE_ID,FROM_YEAR,TO_YEAR,SLANG,PRONOUNCE,MEANING,AUTHOR_ID,REMINISCE_STATUS,LASTMODIFICATION,LASTMODIFIED_BY,LASTMODIFIED_DATE) VALUES ('18','','','la base','la-base','Let me have a spoon of your garium sulphate or whatever you have ','999999999999999999999999999999','A','A','sysadmin',CURRENT_TIMESTAMP);
INSERT INTO MYALUMNI_REMINISCE_TBL (REMINISCE_ID,FROM_YEAR,TO_YEAR,SLANG,PRONOUNCE,MEANING,AUTHOR_ID,REMINISCE_STATUS,LASTMODIFICATION,LASTMODIFIED_BY,LASTMODIFIED_DATE) VALUES ('19','','','Stab','stab','Refusing to attend school activities as planned in the timetable. (e.g. I am going to stab prep)','999999999999999999999999999999','A','A','sysadmin',CURRENT_TIMESTAMP);
INSERT INTO MYALUMNI_REMINISCE_TBL (REMINISCE_ID,FROM_YEAR,TO_YEAR,SLANG,PRONOUNCE,MEANING,AUTHOR_ID,REMINISCE_STATUS,LASTMODIFICATION,LASTMODIFIED_BY,LASTMODIFIED_DATE) VALUES ('20','','','Wudemi','Wu-de-mi','Soak and travel as in Garium Sulphate.','999999999999999999999999999999','A','A','sysadmin',CURRENT_TIMESTAMP);
INSERT INTO MYALUMNI_REMINISCE_TBL (REMINISCE_ID,FROM_YEAR,TO_YEAR,SLANG,PRONOUNCE,MEANING,AUTHOR_ID,REMINISCE_STATUS,LASTMODIFICATION,LASTMODIFIED_BY,LASTMODIFIED_DATE) VALUES ('21','','','breastin akele','BREASTIN AKELE','Girls with big large chest.','999999999999999999999999999999','A','A','sysadmin',CURRENT_TIMESTAMP);
INSERT INTO MYALUMNI_REMINISCE_TBL (REMINISCE_ID,FROM_YEAR,TO_YEAR,SLANG,PRONOUNCE,MEANING,AUTHOR_ID,REMINISCE_STATUS,LASTMODIFICATION,LASTMODIFIED_BY,LASTMODIFIED_DATE) VALUES ('22','','','Galuwa','Ga-lu-wa','This a manner of jogging peculiar to boys especially those in the football team when training on the pitch or when going for road-walk (slow jogging). when galuwa-ing, you jog with your legs at odd angles to your body (as if a bowling ball was hanging between your legs), while raising your knees up to about 90-degrees. Galuwa is normally accompanied with a song that goes thus: "Alhaji Bello Epon mi re galuwa galuwa" (repeat till you get bored)','999999999999999999999999999999','A','A','sysadmin',CURRENT_TIMESTAMP);
INSERT INTO MYALUMNI_REMINISCE_TBL (REMINISCE_ID,FROM_YEAR,TO_YEAR,SLANG,PRONOUNCE,MEANING,AUTHOR_ID,REMINISCE_STATUS,LASTMODIFICATION,LASTMODIFIED_BY,LASTMODIFIED_DATE) VALUES ('23','','','One Boy','one booooy!!','A general call-out, by a senior student, to all junior students. The last student to get to the senior usually has to do whatever the senior student wants eg wash his or her clothes. Junior students are severely punished if they fail to respond to a "one boy" call.','999999999999999999999999999999','A','A','sysadmin',CURRENT_TIMESTAMP);
INSERT INTO MYALUMNI_REMINISCE_TBL (REMINISCE_ID,FROM_YEAR,TO_YEAR,SLANG,PRONOUNCE,MEANING,AUTHOR_ID,REMINISCE_STATUS,LASTMODIFICATION,LASTMODIFIED_BY,LASTMODIFIED_DATE) VALUES ('24','','','Angola','An-Go-La','the place behind yellow house..... (86-89 webmaster comments: you know what you guys go there for !!! to squat;)...... I dey go Angolaaa ! )','999999999999999999999999999999','A','A','sysadmin',CURRENT_TIMESTAMP);
INSERT INTO MYALUMNI_REMINISCE_TBL (REMINISCE_ID,FROM_YEAR,TO_YEAR,SLANG,PRONOUNCE,MEANING,AUTHOR_ID,REMINISCE_STATUS,LASTMODIFICATION,LASTMODIFIED_BY,LASTMODIFIED_DATE) VALUES ('25','','','posh','posh','Very watery beans. Cooked in the Kitchen near the dining Hall. Was the students choice then...wonder if it is still their choice!!','999999999999999999999999999999','A','A','sysadmin',CURRENT_TIMESTAMP);
INSERT INTO MYALUMNI_REMINISCE_TBL (REMINISCE_ID,FROM_YEAR,TO_YEAR,SLANG,PRONOUNCE,MEANING,AUTHOR_ID,REMINISCE_STATUS,LASTMODIFICATION,LASTMODIFIED_BY,LASTMODIFIED_DATE) VALUES ('26','','','soka','sh-oka ','To expose a student who has committed an offence against the school authority. ','999999999999999999999999999999','A','A','sysadmin',CURRENT_TIMESTAMP);
INSERT INTO MYALUMNI_REMINISCE_TBL (REMINISCE_ID,FROM_YEAR,TO_YEAR,SLANG,PRONOUNCE,MEANING,AUTHOR_ID,REMINISCE_STATUS,LASTMODIFICATION,LASTMODIFIED_BY,LASTMODIFIED_DATE) VALUES ('27','','','Okpata','o-pa-ya ','When someone/somebody talks rubbish (ie talking without making sense) ','999999999999999999999999999999','A','A','sysadmin',CURRENT_TIMESTAMP);
INSERT INTO MYALUMNI_REMINISCE_TBL (REMINISCE_ID,FROM_YEAR,TO_YEAR,SLANG,PRONOUNCE,MEANING,AUTHOR_ID,REMINISCE_STATUS,LASTMODIFICATION,LASTMODIFIED_BY,LASTMODIFIED_DATE) VALUES ('28','','','P.M.C','Poor Mans Conner ','Desolate room close to the mini-mart/talk shop where juniors hid from ruthless seniors that tried to take their money or their loaves.','999999999999999999999999999999','A','A','sysadmin',CURRENT_TIMESTAMP);
INSERT INTO MYALUMNI_REMINISCE_TBL (REMINISCE_ID,FROM_YEAR,TO_YEAR,SLANG,PRONOUNCE,MEANING,AUTHOR_ID,REMINISCE_STATUS,LASTMODIFICATION,LASTMODIFIED_BY,LASTMODIFIED_DATE) VALUES ('29','','','koba','koba','To intentionally betray another student by reporting him or her to a teacher. ','999999999999999999999999999999','A','A','sysadmin',CURRENT_TIMESTAMP);
INSERT INTO MYALUMNI_REMINISCE_TBL (REMINISCE_ID,FROM_YEAR,TO_YEAR,SLANG,PRONOUNCE,MEANING,AUTHOR_ID,REMINISCE_STATUS,LASTMODIFICATION,LASTMODIFIED_BY,LASTMODIFIED_DATE) VALUES ('30','','','Roks','Rrucks','an intended joke that is not at all funny or amusing to the audience. e.g everything Mr. West said in class.','999999999999999999999999999999','A','A','sysadmin',CURRENT_TIMESTAMP);
INSERT INTO MYALUMNI_REMINISCE_TBL (REMINISCE_ID,FROM_YEAR,TO_YEAR,SLANG,PRONOUNCE,MEANING,AUTHOR_ID,REMINISCE_STATUS,LASTMODIFICATION,LASTMODIFIED_BY,LASTMODIFIED_DATE) VALUES ('31','','','o gbe yo','oh gbe your','masters are in the hostels please vacate the area fast, by any available route to the safest point ...... angola. ','999999999999999999999999999999','A','A','sysadmin',CURRENT_TIMESTAMP);
INSERT INTO MYALUMNI_REMINISCE_TBL (REMINISCE_ID,FROM_YEAR,TO_YEAR,SLANG,PRONOUNCE,MEANING,AUTHOR_ID,REMINISCE_STATUS,LASTMODIFICATION,LASTMODIFIED_BY,LASTMODIFIED_DATE) VALUES ('32','','','joge','jo-ghe','hot tea ','999999999999999999999999999999','A','A','sysadmin',CURRENT_TIMESTAMP);
INSERT INTO MYALUMNI_REMINISCE_TBL (REMINISCE_ID,FROM_YEAR,TO_YEAR,SLANG,PRONOUNCE,MEANING,AUTHOR_ID,REMINISCE_STATUS,LASTMODIFICATION,LASTMODIFIED_BY,LASTMODIFIED_DATE) VALUES ('33','','','Fashi','Fah-shee','1) A hip way to say "forget about it." For example, to fashi a test means to avoid taking the test. 2) Fashi is also used to address something or someone good looking, successful or outstanding. For example, "Fashi that fine girl man" is a saying that is commonly used by guys admiring a pretty lady.','999999999999999999999999999999','A','A','sysadmin',CURRENT_TIMESTAMP);
INSERT INTO MYALUMNI_REMINISCE_TBL (REMINISCE_ID,FROM_YEAR,TO_YEAR,SLANG,PRONOUNCE,MEANING,AUTHOR_ID,REMINISCE_STATUS,LASTMODIFICATION,LASTMODIFIED_BY,LASTMODIFIED_DATE) VALUES ('34','','','Kunzi','Koon-zee ','Kuli-kuli: A cruncy snack made of groundnut. Students usually "soak" (eat) it with garri. ','999999999999999999999999999999','A','A','sysadmin',CURRENT_TIMESTAMP);
INSERT INTO MYALUMNI_REMINISCE_TBL (REMINISCE_ID,FROM_YEAR,TO_YEAR,SLANG,PRONOUNCE,MEANING,AUTHOR_ID,REMINISCE_STATUS,LASTMODIFICATION,LASTMODIFIED_BY,LASTMODIFIED_DATE) VALUES ('35','','','Ibun','E-bun','Improper use of the English Language','999999999999999999999999999999','A','A','sysadmin',CURRENT_TIMESTAMP);
INSERT INTO MYALUMNI_REMINISCE_TBL (REMINISCE_ID,FROM_YEAR,TO_YEAR,SLANG,PRONOUNCE,MEANING,AUTHOR_ID,REMINISCE_STATUS,LASTMODIFICATION,LASTMODIFIED_BY,LASTMODIFIED_DATE) VALUES ('36','','','Killer Base','KILLA-BASE','A term used to describe an over- heaped spoon of food, which normally occurs when 2 or more students are eating together','999999999999999999999999999999','A','A','sysadmin',CURRENT_TIMESTAMP);
INSERT INTO MYALUMNI_REMINISCE_TBL (REMINISCE_ID,FROM_YEAR,TO_YEAR,SLANG,PRONOUNCE,MEANING,AUTHOR_ID,REMINISCE_STATUS,LASTMODIFICATION,LASTMODIFIED_BY,LASTMODIFIED_DATE) VALUES ('37','','','Bondon','BON-DON','A very comfortable position of sitting on the bathroom wall or on a window seal and dumping.','999999999999999999999999999999','A','A','sysadmin',CURRENT_TIMESTAMP);
INSERT INTO MYALUMNI_REMINISCE_TBL (REMINISCE_ID,FROM_YEAR,TO_YEAR,SLANG,PRONOUNCE,MEANING,AUTHOR_ID,REMINISCE_STATUS,LASTMODIFICATION,LASTMODIFIED_BY,LASTMODIFIED_DATE) VALUES ('38','','','Be ina','BE-NO','A term used to describe smoking','999999999999999999999999999999','A','A','sysadmin',CURRENT_TIMESTAMP);
INSERT INTO MYALUMNI_REMINISCE_TBL (REMINISCE_ID,FROM_YEAR,TO_YEAR,SLANG,PRONOUNCE,MEANING,AUTHOR_ID,REMINISCE_STATUS,LASTMODIFICATION,LASTMODIFIED_BY,LASTMODIFIED_DATE) VALUES ('39','','','Palmi','PAMI','"Palmwine" smuggled into the hostel.','999999999999999999999999999999','A','A','sysadmin',CURRENT_TIMESTAMP);
INSERT INTO MYALUMNI_REMINISCE_TBL (REMINISCE_ID,FROM_YEAR,TO_YEAR,SLANG,PRONOUNCE,MEANING,AUTHOR_ID,REMINISCE_STATUS,LASTMODIFICATION,LASTMODIFIED_BY,LASTMODIFIED_DATE) VALUES ('40','','','Shak','SHAQ','A term used to describe the drinking of alcohol','999999999999999999999999999999','A','A','sysadmin',CURRENT_TIMESTAMP);
INSERT INTO MYALUMNI_REMINISCE_TBL (REMINISCE_ID,FROM_YEAR,TO_YEAR,SLANG,PRONOUNCE,MEANING,AUTHOR_ID,REMINISCE_STATUS,LASTMODIFICATION,LASTMODIFIED_BY,LASTMODIFIED_DATE) VALUES ('41','1994','2000','meskayan','mes-ka-yan','you siad the wrong thing or you went off piont, or you gossip too much','999999999999999999999999999999','A','A','sysadmin',CURRENT_TIMESTAMP);
INSERT INTO MYALUMNI_REMINISCE_TBL (REMINISCE_ID,FROM_YEAR,TO_YEAR,SLANG,PRONOUNCE,MEANING,AUTHOR_ID,REMINISCE_STATUS,LASTMODIFICATION,LASTMODIFIED_BY,LASTMODIFIED_DATE) VALUES ('42','2000','','Based on pin code','Based on pin code','Mutual Secret','999999999999999999999999999999','A','A','sysadmin',CURRENT_TIMESTAMP);
INSERT INTO MYALUMNI_REMINISCE_TBL (REMINISCE_ID,FROM_YEAR,TO_YEAR,SLANG,PRONOUNCE,MEANING,AUTHOR_ID,REMINISCE_STATUS,LASTMODIFICATION,LASTMODIFIED_BY,LASTMODIFIED_DATE) VALUES ('43','2000','','CAMA YAN','CAMA YAN','DISCUSSING/CONVERSING NEGATIVELY ','999999999999999999999999999999','A','A','sysadmin',CURRENT_TIMESTAMP);
INSERT INTO MYALUMNI_REMINISCE_TBL (REMINISCE_ID,FROM_YEAR,TO_YEAR,SLANG,PRONOUNCE,MEANING,AUTHOR_ID,REMINISCE_STATUS,LASTMODIFICATION,LASTMODIFIED_BY,LASTMODIFIED_DATE) VALUES ('44','2000','','PEPPER RESTED','PEPPER RESTED','ENOUGH CASH','999999999999999999999999999999','A','A','sysadmin',CURRENT_TIMESTAMP);
INSERT INTO MYALUMNI_REMINISCE_TBL (REMINISCE_ID,FROM_YEAR,TO_YEAR,SLANG,PRONOUNCE,MEANING,AUTHOR_ID,REMINISCE_STATUS,LASTMODIFICATION,LASTMODIFIED_BY,LASTMODIFIED_DATE) VALUES ('45','2000','','TREATING OF FUCKUPS','TREATING OF FUCKUPS','DISCLIPINE','999999999999999999999999999999','A','A','sysadmin',CURRENT_TIMESTAMP);
INSERT INTO MYALUMNI_REMINISCE_TBL (REMINISCE_ID,FROM_YEAR,TO_YEAR,SLANG,PRONOUNCE,MEANING,AUTHOR_ID,REMINISCE_STATUS,LASTMODIFICATION,LASTMODIFIED_BY,LASTMODIFIED_DATE) VALUES ('46','2000','','STREET IS TIGHT ','STREET IS TIGHT ','VIGILANTE EVERYWHERE','999999999999999999999999999999','A','A','sysadmin',CURRENT_TIMESTAMP);
INSERT INTO MYALUMNI_REMINISCE_TBL (REMINISCE_ID,FROM_YEAR,TO_YEAR,SLANG,PRONOUNCE,MEANING,AUTHOR_ID,REMINISCE_STATUS,LASTMODIFICATION,LASTMODIFIED_BY,LASTMODIFIED_DATE) VALUES ('47','2000','','DISCHARGE','DISCHARGE','RUNNING AWAY','999999999999999999999999999999','A','A','sysadmin',CURRENT_TIMESTAMP);
INSERT INTO MYALUMNI_REMINISCE_TBL (REMINISCE_ID,FROM_YEAR,TO_YEAR,SLANG,PRONOUNCE,MEANING,AUTHOR_ID,REMINISCE_STATUS,LASTMODIFICATION,LASTMODIFIED_BY,LASTMODIFIED_DATE) VALUES ('48','2000','','BOLOSCONE','BOLOSCONE','NO INSPECTION FOR THE ELITES','999999999999999999999999999999','A','A','sysadmin',CURRENT_TIMESTAMP);


--
--  COMMIT
--

commit;

